Localité;;"T02M4E2 [°C]";"T02M4E2 [%HR]"
"Groupe de points de mesure";;;
Zone;;;
"Limite inférieure";;15,0;20,0
"Limite supérieure";;30,0;65,0
"Valeur moyenne";;25,4;63,7
"Valeur minimale";;22,6;52,2
"Valeur maximale";;29,2;72,9
01/08/2022;00:00:00;25,0;68,2
01/08/2022;00:15:00;25,0;68,1
01/08/2022;00:30:00;25,0;68,1
01/08/2022;00:45:00;24,9;68,1
01/08/2022;01:00:00;24,9;68,2
01/08/2022;01:15:00;24,8;68,4
01/08/2022;01:30:00;24,8;68,4
01/08/2022;01:45:00;24,8;68,8
01/08/2022;02:00:00;24,8;69,2
01/08/2022;02:15:00;24,7;69,1
01/08/2022;02:30:00;24,6;69,0
01/08/2022;02:45:00;24,6;69,1
01/08/2022;03:00:00;24,6;69,3
01/08/2022;03:15:00;24,5;69,3
01/08/2022;03:30:00;24,6;69,2
01/08/2022;03:45:00;24,6;69,1
01/08/2022;04:00:00;24,6;68,9
01/08/2022;04:15:00;24,5;68,8
01/08/2022;04:30:00;24,4;68,9
01/08/2022;04:45:00;24,4;69,0
01/08/2022;05:00:00;24,3;68,8
01/08/2022;05:15:00;24,3;68,9
01/08/2022;05:30:00;24,3;68,9
01/08/2022;05:45:00;24,2;69,0
01/08/2022;06:00:00;24,2;69,0
01/08/2022;06:15:00;24,1;69,0
01/08/2022;06:30:00;24,0;68,9
01/08/2022;06:45:00;24,0;68,7
01/08/2022;07:00:00;23,9;68,6
01/08/2022;07:15:00;24,0;68,4
01/08/2022;07:30:00;23,9;68,6
01/08/2022;07:45:00;23,8;68,0
01/08/2022;08:00:00;23,8;67,9
01/08/2022;08:15:00;23,7;68,0
01/08/2022;08:30:00;23,7;67,9
01/08/2022;08:45:00;23,7;67,9
01/08/2022;09:00:00;23,7;68,1
01/08/2022;09:15:00;23,8;68,3
01/08/2022;09:30:00;23,8;68,4
01/08/2022;09:45:00;23,8;68,5
01/08/2022;10:00:00;23,7;68,3
01/08/2022;10:15:00;23,7;68,0
01/08/2022;10:30:00;23,7;68,0
01/08/2022;10:45:00;23,8;68,1
01/08/2022;11:00:00;23,7;68,2
01/08/2022;11:15:00;23,7;68,1
01/08/2022;11:30:00;23,8;67,8
01/08/2022;11:45:00;23,8;67,6
01/08/2022;12:00:00;23,8;67,0
01/08/2022;12:15:00;23,9;66,9
01/08/2022;12:30:00;23,9;66,5
01/08/2022;12:45:00;23,9;66,5
01/08/2022;13:00:00;24,0;66,4
01/08/2022;13:15:00;24,0;66,3
01/08/2022;13:30:00;24,0;66,1
01/08/2022;13:45:00;24,1;66,1
01/08/2022;14:00:00;24,2;65,6
01/08/2022;14:15:00;24,2;65,7
01/08/2022;14:30:00;24,3;65,5
01/08/2022;14:45:00;24,4;65,7
01/08/2022;15:00:00;24,5;65,5
01/08/2022;15:15:00;24,5;65,2
01/08/2022;15:16:34;24,6;65,0
01/08/2022;15:30:00;24,6;65,0
01/08/2022;15:45:00;24,7;65,0
01/08/2022;16:00:00;24,7;65,0
01/08/2022;16:15:00;24,8;64,7
01/08/2022;16:30:00;24,8;65,0
01/08/2022;16:45:00;24,8;65,1
01/08/2022;16:46:29;24,9;65,0
01/08/2022;17:00:00;24,8;65,3
01/08/2022;17:15:00;24,8;65,6
01/08/2022;17:30:00;24,8;65,4
01/08/2022;17:45:00;24,8;65,8
01/08/2022;18:00:00;24,8;66,1
01/08/2022;18:15:00;24,7;66,8
01/08/2022;18:30:00;24,7;67,2
01/08/2022;18:45:00;24,7;68,1
01/08/2022;19:00:00;24,7;68,5
01/08/2022;19:15:00;24,7;68,5
01/08/2022;19:30:00;24,7;69,8
01/08/2022;19:45:00;24,6;70,6
01/08/2022;20:00:00;24,6;71,0
01/08/2022;20:15:00;24,6;71,4
01/08/2022;20:30:00;24,6;71,1
01/08/2022;20:45:00;24,6;70,5
01/08/2022;21:00:00;24,6;70,5
01/08/2022;21:15:00;24,5;71,1
01/08/2022;21:30:00;24,5;71,2
01/08/2022;21:45:00;24,5;71,2
01/08/2022;22:00:00;24,5;71,2
01/08/2022;22:15:00;24,5;71,4
01/08/2022;22:30:00;24,4;71,6
01/08/2022;22:45:00;24,4;71,8
01/08/2022;23:00:00;24,4;72,1
01/08/2022;23:15:00;24,4;72,2
01/08/2022;23:30:00;24,4;72,2
01/08/2022;23:45:00;24,4;72,1
02/08/2022;00:00:00;24,3;72,2
02/08/2022;00:15:00;24,3;72,4
02/08/2022;00:30:00;24,3;72,6
02/08/2022;00:45:00;24,3;72,6
02/08/2022;01:00:00;24,3;72,7
02/08/2022;01:15:00;24,2;72,8
02/08/2022;01:30:00;24,2;72,9
02/08/2022;01:45:00;24,2;72,8
02/08/2022;02:00:00;24,2;72,9
02/08/2022;02:15:00;24,2;72,8
02/08/2022;02:30:00;24,2;72,3
02/08/2022;02:45:00;24,1;71,6
02/08/2022;03:00:00;24,1;71,0
02/08/2022;03:15:00;24,1;71,6
02/08/2022;03:30:00;24,1;72,2
02/08/2022;03:45:00;24,0;72,5
02/08/2022;04:00:00;23,9;72,6
02/08/2022;04:15:00;23,9;72,2
02/08/2022;04:30:00;23,9;71,8
02/08/2022;04:45:00;23,9;70,7
02/08/2022;05:00:00;23,9;70,3
02/08/2022;05:15:00;23,8;70,2
02/08/2022;05:30:00;23,8;70,2
02/08/2022;05:45:00;23,8;70,0
02/08/2022;06:00:00;23,8;70,0
02/08/2022;06:15:00;23,7;70,2
02/08/2022;06:30:00;23,7;70,4
02/08/2022;06:45:00;23,7;70,8
02/08/2022;07:00:00;23,7;71,9
02/08/2022;07:15:00;23,7;71,1
02/08/2022;07:30:00;23,7;71,4
02/08/2022;07:45:00;23,8;71,6
02/08/2022;08:00:00;23,8;72,0
02/08/2022;08:15:00;23,8;72,6
02/08/2022;08:30:00;23,8;72,4
02/08/2022;08:45:00;23,8;71,7
02/08/2022;09:00:00;23,9;71,2
02/08/2022;09:15:00;24,0;71,0
02/08/2022;09:30:00;24,1;70,5
02/08/2022;09:45:00;24,2;70,3
02/08/2022;10:00:00;24,2;70,3
02/08/2022;10:15:00;24,2;69,9
02/08/2022;10:30:00;24,3;70,0
02/08/2022;10:45:00;24,3;69,4
02/08/2022;11:00:00;24,4;68,9
02/08/2022;11:15:00;24,5;69,0
02/08/2022;11:30:00;24,7;69,2
02/08/2022;11:45:00;24,7;68,6
02/08/2022;12:00:00;24,8;68,4
02/08/2022;12:15:00;24,9;68,5
02/08/2022;12:30:00;24,9;68,2
02/08/2022;12:45:00;25,0;67,9
02/08/2022;13:00:00;25,1;67,9
02/08/2022;13:15:00;25,2;67,8
02/08/2022;13:30:00;25,2;67,7
02/08/2022;13:45:00;25,4;67,2
02/08/2022;14:00:00;25,4;67,4
02/08/2022;14:15:00;25,5;67,0
02/08/2022;14:30:00;25,6;67,1
02/08/2022;14:45:00;25,7;66,3
02/08/2022;15:00:00;25,7;66,4
02/08/2022;15:15:00;25,9;65,8
02/08/2022;15:30:00;26,0;65,5
02/08/2022;15:45:00;26,0;65,5
02/08/2022;16:00:00;26,1;65,1
02/08/2022;16:15:00;26,0;65,3
02/08/2022;16:30:00;26,1;65,2
02/08/2022;16:45:00;26,1;65,3
02/08/2022;17:00:00;26,2;64,9
02/08/2022;17:15:00;26,3;64,7
02/08/2022;17:30:00;26,2;64,7
02/08/2022;17:45:00;26,2;64,7
02/08/2022;18:00:00;26,1;65,0
02/08/2022;18:15:00;26,1;65,4
02/08/2022;18:30:00;26,0;65,2
02/08/2022;18:45:00;26,0;65,0
02/08/2022;19:00:00;26,0;64,7
02/08/2022;19:15:00;25,9;64,5
02/08/2022;19:30:00;25,8;64,6
02/08/2022;19:45:00;25,7;64,8
02/08/2022;20:00:00;25,6;64,8
02/08/2022;20:15:00;25,5;65,1
02/08/2022;20:30:00;25,5;65,4
02/08/2022;20:45:00;25,4;65,4
02/08/2022;21:00:00;25,3;65,5
02/08/2022;21:15:00;25,2;65,7
02/08/2022;21:30:00;25,2;65,6
02/08/2022;21:45:00;25,1;65,5
02/08/2022;22:00:00;25,1;65,7
02/08/2022;22:15:00;24,9;65,7
02/08/2022;22:30:00;24,9;65,8
02/08/2022;22:45:00;24,8;65,8
02/08/2022;23:00:00;24,8;65,9
02/08/2022;23:15:00;24,8;66,1
02/08/2022;23:30:00;24,8;66,2
02/08/2022;23:45:00;24,8;66,2
03/08/2022;00:00:00;24,7;66,0
03/08/2022;00:15:00;24,7;65,8
03/08/2022;00:30:00;24,7;66,0
03/08/2022;00:45:00;24,7;66,0
03/08/2022;01:00:00;24,7;65,7
03/08/2022;01:15:00;24,6;65,7
03/08/2022;01:30:00;24,6;65,7
03/08/2022;01:45:00;24,6;65,7
03/08/2022;02:00:00;24,6;65,7
03/08/2022;02:15:00;24,5;65,8
03/08/2022;02:30:00;24,5;65,9
03/08/2022;02:45:00;24,5;66,0
03/08/2022;03:00:00;24,5;66,2
03/08/2022;03:15:00;24,4;66,5
03/08/2022;03:30:00;24,4;66,6
03/08/2022;03:45:00;24,4;66,7
03/08/2022;04:00:00;24,4;66,9
03/08/2022;04:15:00;24,4;67,2
03/08/2022;04:30:00;24,4;67,5
03/08/2022;04:45:00;24,4;67,6
03/08/2022;05:00:00;24,4;67,7
03/08/2022;05:15:00;24,3;67,9
03/08/2022;05:30:00;24,3;68,0
03/08/2022;05:45:00;24,3;68,3
03/08/2022;06:00:00;24,3;68,6
03/08/2022;06:15:00;24,2;68,8
03/08/2022;06:30:00;24,2;69,0
03/08/2022;06:45:00;24,2;69,3
03/08/2022;07:00:00;24,2;69,3
03/08/2022;07:15:00;24,1;69,4
03/08/2022;07:30:00;24,0;69,6
03/08/2022;07:45:00;24,0;69,5
03/08/2022;08:00:00;24,0;69,2
03/08/2022;08:15:00;24,0;69,3
03/08/2022;08:30:00;24,0;69,3
03/08/2022;08:45:00;24,0;69,2
03/08/2022;09:00:00;24,0;69,1
03/08/2022;09:15:00;24,0;69,2
03/08/2022;09:30:00;24,1;68,8
03/08/2022;09:45:00;24,2;68,7
03/08/2022;10:00:00;24,2;68,7
03/08/2022;10:15:00;24,2;68,6
03/08/2022;10:30:00;24,2;68,2
03/08/2022;10:45:00;24,3;68,2
03/08/2022;11:00:00;24,4;68,0
03/08/2022;11:15:00;24,5;67,7
03/08/2022;11:30:00;24,6;67,6
03/08/2022;11:45:00;24,7;67,5
03/08/2022;12:00:00;24,8;67,4
03/08/2022;12:15:00;24,9;66,9
03/08/2022;12:30:00;25,0;66,3
03/08/2022;12:45:00;25,1;66,2
03/08/2022;13:00:00;25,2;66,2
03/08/2022;13:15:00;25,5;65,7
03/08/2022;13:30:00;25,6;65,1
03/08/2022;13:45:00;25,6;64,8
03/08/2022;14:00:00;25,8;64,6
03/08/2022;14:15:00;25,9;64,2
03/08/2022;14:30:00;26,1;63,1
03/08/2022;14:45:00;26,2;62,9
03/08/2022;15:00:00;26,4;62,3
03/08/2022;15:15:00;26,3;62,4
03/08/2022;15:30:00;26,2;62,4
03/08/2022;15:45:00;26,3;62,0
03/08/2022;16:00:00;26,3;62,1
03/08/2022;16:15:00;26,3;62,3
03/08/2022;16:30:00;26,3;62,2
03/08/2022;16:45:00;26,4;61,8
03/08/2022;17:00:00;26,3;62,2
03/08/2022;17:15:00;26,4;62,2
03/08/2022;17:30:00;26,3;63,3
03/08/2022;17:45:00;26,2;63,6
03/08/2022;18:00:00;26,2;63,6
03/08/2022;18:15:00;26,2;63,7
03/08/2022;18:30:00;26,1;64,1
03/08/2022;18:45:00;26,0;64,1
03/08/2022;19:00:00;26,0;64,2
03/08/2022;19:15:00;25,9;64,7
03/08/2022;19:30:00;25,9;65,0
03/08/2022;19:45:00;25,9;65,6
03/08/2022;20:00:00;25,8;65,5
03/08/2022;20:15:00;25,8;65,5
03/08/2022;20:30:00;25,7;65,6
03/08/2022;20:45:00;25,7;65,5
03/08/2022;21:00:00;25,7;65,3
03/08/2022;21:15:00;25,6;65,3
03/08/2022;21:30:00;25,6;65,8
03/08/2022;21:45:00;25,7;66,7
03/08/2022;22:00:00;25,6;66,5
03/08/2022;22:15:00;25,6;66,3
03/08/2022;22:30:00;25,5;66,6
03/08/2022;22:45:00;25,4;66,7
03/08/2022;23:00:00;25,4;67,0
03/08/2022;23:15:00;25,4;67,5
03/08/2022;23:30:00;25,4;67,3
03/08/2022;23:45:00;25,3;67,5
04/08/2022;00:00:00;25,3;67,7
04/08/2022;00:15:00;25,3;68,0
04/08/2022;00:30:00;25,3;68,1
04/08/2022;00:45:00;25,2;68,0
04/08/2022;01:00:00;25,2;67,9
04/08/2022;01:15:00;25,2;67,9
04/08/2022;01:30:00;25,1;67,9
04/08/2022;01:45:00;25,1;68,6
04/08/2022;02:00:00;25,1;68,5
04/08/2022;02:15:00;25,1;68,7
04/08/2022;02:30:00;25,0;68,7
04/08/2022;02:45:00;25,1;68,6
04/08/2022;03:00:00;25,1;68,5
04/08/2022;03:15:00;25,1;68,4
04/08/2022;03:30:00;25,1;68,4
04/08/2022;03:45:00;25,0;68,4
04/08/2022;04:00:00;25,0;68,5
04/08/2022;04:15:00;25,0;68,7
04/08/2022;04:30:00;25,0;68,9
04/08/2022;04:45:00;25,0;69,6
04/08/2022;05:00:00;24,9;69,5
04/08/2022;05:15:00;24,9;69,6
04/08/2022;05:30:00;24,8;70,0
04/08/2022;05:45:00;24,8;70,3
04/08/2022;06:00:00;24,8;70,5
04/08/2022;06:15:00;24,7;70,5
04/08/2022;06:30:00;24,7;70,0
04/08/2022;06:45:00;24,6;69,8
04/08/2022;07:00:00;24,6;69,9
04/08/2022;07:15:00;24,6;69,9
04/08/2022;07:30:00;24,6;69,1
04/08/2022;07:45:00;24,5;68,7
04/08/2022;08:00:00;24,5;68,0
04/08/2022;08:15:00;24,5;67,8
04/08/2022;08:30:00;24,6;67,5
04/08/2022;08:45:00;24,6;66,2
04/08/2022;09:00:00;24,5;66,1
04/08/2022;09:15:00;24,6;65,9
04/08/2022;09:30:00;24,6;65,7
04/08/2022;09:45:00;24,7;65,1
04/08/2022;10:00:00;24,7;65,2
04/08/2022;10:15:00;24,8;65,2
04/08/2022;10:30:00;24,9;64,5
04/08/2022;10:45:00;25,0;64,2
04/08/2022;11:00:00;25,1;63,9
04/08/2022;11:15:00;25,2;63,6
04/08/2022;11:30:00;25,4;62,9
04/08/2022;11:45:00;25,5;62,4
04/08/2022;12:00:00;25,6;61,8
04/08/2022;12:15:00;25,7;61,8
04/08/2022;12:30:00;25,8;60,4
04/08/2022;12:45:00;25,9;61,0
04/08/2022;13:00:00;26,1;60,7
04/08/2022;13:15:00;26,2;60,0
04/08/2022;13:30:00;26,2;59,4
04/08/2022;13:45:00;26,3;59,2
04/08/2022;14:00:00;26,5;57,8
04/08/2022;14:15:00;26,6;57,3
04/08/2022;14:30:00;26,7;57,0
04/08/2022;14:45:00;26,9;57,1
04/08/2022;15:00:00;26,9;56,6
04/08/2022;15:15:00;26,9;56,0
04/08/2022;15:30:00;27,0;55,4
04/08/2022;15:45:00;27,1;53,9
04/08/2022;16:00:00;27,2;53,4
04/08/2022;16:15:00;27,2;53,2
04/08/2022;16:30:00;27,3;52,7
04/08/2022;16:45:00;27,3;52,2
04/08/2022;17:00:00;27,2;53,4
04/08/2022;17:15:00;27,3;52,6
04/08/2022;17:30:00;27,3;53,3
04/08/2022;17:45:00;27,3;53,5
04/08/2022;18:00:00;27,2;54,1
04/08/2022;18:15:00;27,1;54,6
04/08/2022;18:30:00;27,0;55,2
04/08/2022;18:45:00;27,0;55,5
04/08/2022;19:00:00;27,0;55,1
04/08/2022;19:15:00;26,9;55,1
04/08/2022;19:30:00;26,9;55,4
04/08/2022;19:45:00;26,8;55,7
04/08/2022;20:00:00;26,8;56,5
04/08/2022;20:15:00;26,7;57,0
04/08/2022;20:30:00;26,7;57,5
04/08/2022;20:45:00;26,7;57,7
04/08/2022;21:00:00;26,6;57,8
04/08/2022;21:15:00;26,6;58,0
04/08/2022;21:30:00;26,5;58,0
04/08/2022;21:45:00;26,5;58,3
04/08/2022;22:00:00;26,4;58,5
04/08/2022;22:15:00;26,4;58,9
04/08/2022;22:30:00;26,3;59,4
04/08/2022;22:45:00;26,3;59,9
04/08/2022;23:00:00;26,2;60,3
04/08/2022;23:15:00;26,1;60,5
04/08/2022;23:30:00;26,1;60,8
04/08/2022;23:45:00;26,0;61,1
05/08/2022;00:00:00;26,0;61,3
05/08/2022;00:15:00;25,9;61,6
05/08/2022;00:30:00;25,9;61,8
05/08/2022;00:45:00;25,8;62,1
05/08/2022;01:00:00;25,8;62,6
05/08/2022;01:15:00;25,7;63,1
05/08/2022;01:30:00;25,6;63,7
05/08/2022;01:45:00;25,5;64,1
05/08/2022;02:00:00;25,5;64,4
05/08/2022;02:15:00;25,5;64,7
05/08/2022;02:30:00;25,4;64,8
05/08/2022;02:45:00;25,4;65,1
05/08/2022;03:00:00;25,4;65,2
05/08/2022;03:15:00;25,3;65,3
05/08/2022;03:30:00;25,2;65,5
05/08/2022;03:45:00;25,2;65,6
05/08/2022;04:00:00;25,2;65,6
05/08/2022;04:15:00;25,1;65,9
05/08/2022;04:30:00;25,1;65,8
05/08/2022;04:45:00;25,0;66,0
05/08/2022;05:00:00;25,0;66,2
05/08/2022;05:15:00;25,0;66,1
05/08/2022;05:30:00;25,0;66,0
05/08/2022;05:45:00;24,9;66,1
05/08/2022;06:00:00;24,9;66,2
05/08/2022;06:15:00;24,9;65,9
05/08/2022;06:30:00;24,8;66,0
05/08/2022;06:45:00;24,8;66,2
05/08/2022;07:00:00;24,8;66,1
05/08/2022;07:15:00;24,8;66,5
05/08/2022;07:30:00;24,7;66,7
05/08/2022;07:45:00;24,7;66,3
05/08/2022;08:00:00;24,7;66,5
05/08/2022;08:15:00;24,6;66,3
05/08/2022;08:30:00;24,6;66,2
05/08/2022;08:45:00;24,6;66,2
05/08/2022;09:00:00;24,6;65,6
05/08/2022;09:15:00;24,6;65,7
05/08/2022;09:30:00;24,5;65,2
05/08/2022;09:45:00;24,5;65,3
05/08/2022;10:00:00;24,6;65,3
05/08/2022;10:15:00;24,6;64,9
05/08/2022;10:30:00;24,6;64,9
05/08/2022;10:45:00;24,6;65,1
05/08/2022;10:46:40;24,7;65,0
05/08/2022;11:00:00;24,7;65,1
05/08/2022;11:15:00;24,7;65,4
05/08/2022;11:30:00;24,6;66,5
05/08/2022;11:45:00;24,6;65,4
05/08/2022;12:00:00;24,6;65,6
05/08/2022;12:15:00;24,6;65,5
05/08/2022;12:30:00;24,7;65,5
05/08/2022;12:45:00;24,7;65,6
05/08/2022;13:00:00;24,7;65,1
05/08/2022;13:15:00;24,7;64,7
05/08/2022;13:30:00;24,8;64,6
05/08/2022;13:45:00;24,7;64,5
05/08/2022;14:00:00;24,8;64,6
05/08/2022;14:15:00;24,8;64,4
05/08/2022;14:30:00;24,8;64,3
05/08/2022;14:45:00;24,8;64,6
05/08/2022;15:00:00;24,8;64,0
05/08/2022;15:15:00;24,8;64,2
05/08/2022;15:30:00;24,9;64,0
05/08/2022;15:45:00;24,9;63,9
05/08/2022;16:00:00;24,9;63,9
05/08/2022;16:15:00;24,9;63,9
05/08/2022;16:30:00;24,9;64,0
05/08/2022;16:45:00;24,9;63,7
05/08/2022;17:00:00;24,8;63,5
05/08/2022;17:15:00;24,8;63,5
05/08/2022;17:30:00;24,8;63,6
05/08/2022;17:45:00;24,7;63,6
05/08/2022;18:00:00;24,7;63,6
05/08/2022;18:15:00;24,7;63,8
05/08/2022;18:30:00;24,6;63,9
05/08/2022;18:45:00;24,6;64,0
05/08/2022;19:00:00;24,5;64,2
05/08/2022;19:15:00;24,5;64,2
05/08/2022;19:30:00;24,5;64,2
05/08/2022;19:45:00;24,4;64,2
05/08/2022;20:00:00;24,5;64,2
05/08/2022;20:15:00;24,4;63,7
05/08/2022;20:30:00;24,4;63,5
05/08/2022;20:45:00;24,4;63,4
05/08/2022;21:00:00;24,4;63,4
05/08/2022;21:15:00;24,4;63,5
05/08/2022;21:30:00;24,4;63,7
05/08/2022;21:45:00;24,3;63,9
05/08/2022;22:00:00;24,2;63,9
05/08/2022;22:15:00;24,2;64,1
05/08/2022;22:30:00;24,2;64,2
05/08/2022;22:45:00;24,2;64,4
05/08/2022;23:00:00;24,1;64,3
05/08/2022;23:15:00;24,1;64,4
05/08/2022;23:30:00;24,0;64,6
05/08/2022;23:45:00;24,1;64,6
06/08/2022;00:00:00;24,1;64,7
06/08/2022;00:15:00;24,0;64,7
06/08/2022;00:30:00;24,0;64,8
06/08/2022;00:45:00;24,0;64,8
06/08/2022;01:00:00;24,0;64,8
06/08/2022;01:15:00;24,0;64,9
06/08/2022;01:30:00;23,9;65,2
06/08/2022;01:45:00;23,9;65,4
06/08/2022;02:00:00;23,9;65,5
06/08/2022;02:15:00;23,8;65,6
06/08/2022;02:30:00;23,8;65,7
06/08/2022;02:45:00;23,7;65,8
06/08/2022;03:00:00;23,7;66,0
06/08/2022;03:15:00;23,7;66,3
06/08/2022;03:30:00;23,6;66,3
06/08/2022;03:45:00;23,5;66,1
06/08/2022;04:00:00;23,5;66,0
06/08/2022;04:15:00;23,4;66,1
06/08/2022;04:30:00;23,4;66,2
06/08/2022;04:45:00;23,4;66,3
06/08/2022;05:00:00;23,4;66,0
06/08/2022;05:15:00;23,4;66,0
06/08/2022;05:30:00;23,4;65,8
06/08/2022;05:45:00;23,3;65,6
06/08/2022;06:00:00;23,2;65,7
06/08/2022;06:15:00;23,2;65,8
06/08/2022;06:30:00;23,2;65,9
06/08/2022;06:45:00;23,1;65,8
06/08/2022;07:00:00;23,1;65,8
06/08/2022;07:15:00;23,1;65,6
06/08/2022;07:30:00;23,2;65,3
06/08/2022;07:45:00;23,2;65,6
06/08/2022;08:00:00;23,2;65,2
06/08/2022;08:15:00;23,3;65,2
06/08/2022;08:30:00;23,2;65,0
06/08/2022;08:45:00;23,3;65,2
06/08/2022;09:00:00;23,3;65,4
06/08/2022;09:15:00;23,3;65,3
06/08/2022;09:30:00;23,3;65,7
06/08/2022;09:45:00;23,3;66,1
06/08/2022;10:00:00;23,3;66,2
06/08/2022;10:15:00;23,3;66,1
06/08/2022;10:30:00;23,4;65,9
06/08/2022;10:45:00;23,4;65,8
06/08/2022;11:00:00;23,6;65,7
06/08/2022;11:15:00;23,6;65,8
06/08/2022;11:30:00;23,7;65,5
06/08/2022;11:45:00;23,7;65,5
06/08/2022;12:00:00;23,9;65,6
06/08/2022;12:15:00;24,1;65,2
06/08/2022;12:30:00;24,0;64,8
06/08/2022;12:45:00;24,2;65,2
06/08/2022;13:00:00;24,3;64,7
06/08/2022;13:15:00;24,3;64,6
06/08/2022;13:30:00;24,5;64,2
06/08/2022;13:45:00;24,5;64,5
06/08/2022;14:00:00;24,6;64,1
06/08/2022;14:15:00;24,7;63,5
06/08/2022;14:30:00;24,8;63,4
06/08/2022;14:45:00;24,9;63,1
06/08/2022;15:00:00;24,9;63,3
06/08/2022;15:15:00;24,9;63,2
06/08/2022;15:30:00;25,0;63,1
06/08/2022;15:45:00;25,0;63,2
06/08/2022;16:00:00;25,0;63,2
06/08/2022;16:15:00;25,0;63,2
06/08/2022;16:30:00;25,1;63,3
06/08/2022;16:45:00;25,1;63,6
06/08/2022;17:00:00;25,1;63,8
06/08/2022;17:15:00;25,1;64,0
06/08/2022;17:30:00;25,0;64,4
06/08/2022;17:45:00;25,0;64,2
06/08/2022;18:00:00;25,0;64,8
06/08/2022;18:15:00;24,9;65,5
06/08/2022;18:30:00;24,9;65,5
06/08/2022;18:45:00;24,8;65,3
06/08/2022;19:00:00;24,8;65,1
06/08/2022;19:15:00;24,8;65,0
06/08/2022;19:30:00;24,8;65,0
06/08/2022;19:45:00;24,7;64,9
06/08/2022;20:00:00;24,7;64,9
06/08/2022;20:15:00;24,7;64,9
06/08/2022;20:30:00;24,6;65,0
06/08/2022;20:45:00;24,6;65,0
06/08/2022;21:00:00;24,6;65,0
06/08/2022;21:15:00;24,6;64,6
06/08/2022;21:30:00;24,5;64,4
06/08/2022;21:45:00;24,5;64,4
06/08/2022;22:00:00;24,5;64,5
06/08/2022;22:15:00;24,5;64,8
06/08/2022;22:30:00;24,4;65,2
06/08/2022;22:45:00;24,5;65,5
06/08/2022;23:00:00;24,4;65,9
06/08/2022;23:15:00;24,4;66,0
06/08/2022;23:30:00;24,3;66,0
06/08/2022;23:45:00;24,3;65,8
07/08/2022;00:00:00;24,3;66,8
07/08/2022;00:15:00;24,3;67,5
07/08/2022;00:30:00;24,3;67,3
07/08/2022;00:45:00;24,2;67,4
07/08/2022;01:00:00;24,2;67,3
07/08/2022;01:15:00;24,1;67,4
07/08/2022;01:30:00;24,1;68,0
07/08/2022;01:45:00;24,1;69,0
07/08/2022;02:00:00;24,0;69,1
07/08/2022;02:15:00;24,0;69,0
07/08/2022;02:30:00;24,0;68,8
07/08/2022;02:45:00;23,9;68,8
07/08/2022;03:00:00;23,9;68,7
07/08/2022;03:15:00;23,9;68,5
07/08/2022;03:30:00;23,8;68,5
07/08/2022;03:45:00;23,8;68,6
07/08/2022;04:00:00;23,8;68,7
07/08/2022;04:15:00;23,8;68,8
07/08/2022;04:30:00;23,8;68,9
07/08/2022;04:45:00;23,7;69,1
07/08/2022;05:00:00;23,7;69,3
07/08/2022;05:15:00;23,6;69,1
07/08/2022;05:30:00;23,5;68,9
07/08/2022;05:45:00;23,6;68,9
07/08/2022;06:00:00;23,5;68,7
07/08/2022;06:15:00;23,5;68,8
07/08/2022;06:30:00;23,5;68,9
07/08/2022;06:45:00;23,5;69,0
07/08/2022;07:00:00;23,5;69,1
07/08/2022;07:15:00;23,5;69,1
07/08/2022;07:30:00;23,4;69,3
07/08/2022;07:45:00;23,3;69,3
07/08/2022;08:00:00;23,3;69,4
07/08/2022;08:15:00;23,3;69,3
07/08/2022;08:30:00;23,4;69,1
07/08/2022;08:45:00;23,3;69,1
07/08/2022;09:00:00;23,4;68,8
07/08/2022;09:15:00;23,3;69,0
07/08/2022;09:30:00;23,4;68,6
07/08/2022;09:45:00;23,4;68,7
07/08/2022;10:00:00;23,5;68,6
07/08/2022;10:15:00;23,6;68,6
07/08/2022;10:30:00;23,6;68,2
07/08/2022;10:45:00;23,7;68,5
07/08/2022;11:00:00;23,8;68,3
07/08/2022;11:15:00;23,9;67,8
07/08/2022;11:30:00;24,0;66,8
07/08/2022;11:45:00;24,1;66,6
07/08/2022;12:00:00;24,1;65,8
07/08/2022;12:15:00;24,3;64,9
07/08/2022;12:30:00;24,3;64,3
07/08/2022;12:45:00;24,4;64,4
07/08/2022;13:00:00;24,5;64,2
07/08/2022;13:15:00;24,6;63,4
07/08/2022;13:30:00;24,8;62,5
07/08/2022;13:45:00;24,9;62,3
07/08/2022;14:00:00;25,0;60,8
07/08/2022;14:15:00;25,2;60,1
07/08/2022;14:30:00;25,3;59,5
07/08/2022;14:45:00;25,3;59,6
07/08/2022;15:00:00;25,4;59,0
07/08/2022;15:15:00;25,3;59,2
07/08/2022;15:30:00;25,5;58,4
07/08/2022;15:45:00;25,5;57,7
07/08/2022;16:00:00;25,7;56,9
07/08/2022;16:15:00;25,8;56,8
07/08/2022;16:30:00;25,8;56,9
07/08/2022;16:45:00;25,7;57,4
07/08/2022;17:00:00;25,8;57,1
07/08/2022;17:15:00;25,8;56,7
07/08/2022;17:30:00;25,9;56,7
07/08/2022;17:45:00;25,8;57,1
07/08/2022;18:00:00;25,7;57,5
07/08/2022;18:15:00;25,6;58,0
07/08/2022;18:30:00;25,5;58,9
07/08/2022;18:45:00;25,5;58,9
07/08/2022;19:00:00;25,5;58,4
07/08/2022;19:15:00;25,5;58,5
07/08/2022;19:30:00;25,4;59,0
07/08/2022;19:45:00;25,4;58,3
07/08/2022;20:00:00;25,4;57,9
07/08/2022;20:15:00;25,3;58,8
07/08/2022;20:30:00;25,2;58,7
07/08/2022;20:45:00;25,2;57,8
07/08/2022;21:00:00;25,2;57,6
07/08/2022;21:15:00;25,1;57,8
07/08/2022;21:30:00;25,1;58,0
07/08/2022;21:45:00;25,0;58,3
07/08/2022;22:00:00;25,0;58,7
07/08/2022;22:15:00;24,9;59,1
07/08/2022;22:30:00;24,9;59,3
07/08/2022;22:45:00;24,9;59,5
07/08/2022;23:00:00;24,8;59,9
07/08/2022;23:15:00;24,8;60,1
07/08/2022;23:30:00;24,7;60,2
07/08/2022;23:45:00;24,7;60,7
08/08/2022;00:00:00;24,7;60,8
08/08/2022;00:15:00;24,6;61,1
08/08/2022;00:30:00;24,6;61,5
08/08/2022;00:45:00;24,5;62,3
08/08/2022;01:00:00;24,4;62,3
08/08/2022;01:15:00;24,4;62,4
08/08/2022;01:30:00;24,3;62,7
08/08/2022;01:45:00;24,3;62,9
08/08/2022;02:00:00;24,2;63,2
08/08/2022;02:15:00;24,2;63,4
08/08/2022;02:30:00;24,2;63,9
08/08/2022;02:45:00;24,1;64,4
08/08/2022;03:00:00;24,1;64,4
08/08/2022;03:15:00;24,0;64,1
08/08/2022;03:30:00;24,0;64,3
08/08/2022;03:45:00;23,9;64,6
08/08/2022;04:00:00;23,9;64,7
08/08/2022;04:15:00;23,8;64,8
08/08/2022;04:30:00;23,8;65,0
08/08/2022;04:45:00;23,8;65,3
08/08/2022;05:00:00;23,8;65,4
08/08/2022;05:15:00;23,7;65,5
08/08/2022;05:30:00;23,7;65,7
08/08/2022;05:45:00;23,6;66,2
08/08/2022;06:00:00;23,6;66,2
08/08/2022;06:15:00;23,7;66,2
08/08/2022;06:30:00;23,6;66,4
08/08/2022;06:45:00;23,6;66,6
08/08/2022;07:00:00;23,5;66,8
08/08/2022;07:15:00;23,5;67,2
08/08/2022;07:30:00;23,5;67,1
08/08/2022;07:45:00;23,5;67,0
08/08/2022;08:00:00;23,5;67,2
08/08/2022;08:15:00;23,4;67,4
08/08/2022;08:30:00;23,4;67,1
08/08/2022;08:45:00;23,4;67,2
08/08/2022;09:00:00;23,5;66,9
08/08/2022;09:15:00;23,5;66,9
08/08/2022;09:30:00;23,6;66,9
08/08/2022;09:45:00;23,6;66,7
08/08/2022;10:00:00;23,6;66,6
08/08/2022;10:15:00;23,6;66,6
08/08/2022;10:30:00;23,7;66,2
08/08/2022;10:45:00;23,8;66,4
08/08/2022;11:00:00;23,8;66,2
08/08/2022;11:15:00;24,0;65,7
08/08/2022;11:30:00;24,0;65,7
08/08/2022;11:45:00;24,1;65,2
08/08/2022;12:00:00;24,2;64,9
08/08/2022;12:15:00;24,4;64,4
08/08/2022;12:30:00;24,5;64,1
08/08/2022;12:45:00;24,7;63,5
08/08/2022;13:00:00;24,6;63,8
08/08/2022;13:15:00;24,6;63,6
08/08/2022;13:30:00;24,7;63,4
08/08/2022;13:45:00;24,8;63,3
08/08/2022;14:00:00;24,8;63,2
08/08/2022;14:15:00;24,9;63,3
08/08/2022;14:30:00;25,1;62,8
08/08/2022;14:45:00;25,1;61,8
08/08/2022;15:00:00;25,2;61,2
08/08/2022;15:15:00;25,3;60,2
08/08/2022;15:30:00;25,3;60,2
08/08/2022;15:45:00;25,3;60,7
08/08/2022;16:00:00;25,4;60,2
08/08/2022;16:15:00;25,4;60,1
08/08/2022;16:30:00;25,5;60,0
08/08/2022;16:45:00;25,5;60,1
08/08/2022;17:00:00;25,5;60,1
08/08/2022;17:15:00;25,5;60,2
08/08/2022;17:30:00;25,5;59,9
08/08/2022;17:45:00;25,4;60,4
08/08/2022;18:00:00;25,4;60,6
08/08/2022;18:15:00;25,3;60,9
08/08/2022;18:30:00;25,2;61,1
08/08/2022;18:45:00;25,2;61,1
08/08/2022;19:00:00;25,1;61,6
08/08/2022;19:15:00;25,1;62,0
08/08/2022;19:30:00;25,0;62,4
08/08/2022;19:45:00;25,0;62,8
08/08/2022;20:00:00;24,9;63,3
08/08/2022;20:15:00;24,8;63,7
08/08/2022;20:30:00;24,7;64,1
08/08/2022;20:45:00;24,7;64,4
08/08/2022;21:00:00;24,6;64,6
08/08/2022;21:15:00;24,5;64,8
08/08/2022;21:30:00;24,5;65,1
08/08/2022;21:45:00;24,5;65,0
08/08/2022;22:00:00;24,4;65,0
08/08/2022;22:15:00;24,4;65,0
08/08/2022;22:30:00;24,4;65,1
08/08/2022;22:45:00;24,4;65,2
08/08/2022;23:00:00;24,4;65,2
08/08/2022;23:15:00;24,3;65,7
08/08/2022;23:30:00;24,3;66,8
08/08/2022;23:45:00;24,3;66,9
09/08/2022;00:00:00;24,2;66,5
09/08/2022;00:15:00;24,3;66,6
09/08/2022;00:30:00;24,2;66,8
09/08/2022;00:45:00;24,2;67,1
09/08/2022;01:00:00;24,1;66,8
09/08/2022;01:15:00;24,0;66,8
09/08/2022;01:30:00;24,0;66,8
09/08/2022;01:45:00;24,0;66,8
09/08/2022;02:00:00;23,9;67,0
09/08/2022;02:15:00;23,9;67,1
09/08/2022;02:30:00;23,9;67,3
09/08/2022;02:45:00;23,8;67,4
09/08/2022;03:00:00;23,8;67,4
09/08/2022;03:15:00;23,8;67,6
09/08/2022;03:30:00;23,7;67,4
09/08/2022;03:45:00;23,7;67,3
09/08/2022;04:00:00;23,7;67,4
09/08/2022;04:15:00;23,6;67,6
09/08/2022;04:30:00;23,7;67,9
09/08/2022;04:45:00;23,6;68,3
09/08/2022;05:00:00;23,6;68,4
09/08/2022;05:15:00;23,6;68,4
09/08/2022;05:30:00;23,6;68,6
09/08/2022;05:45:00;23,6;68,9
09/08/2022;06:00:00;23,5;69,2
09/08/2022;06:15:00;23,5;69,7
09/08/2022;06:30:00;23,5;69,9
09/08/2022;06:45:00;23,5;70,0
09/08/2022;07:00:00;23,5;69,8
09/08/2022;07:15:00;23,4;69,9
09/08/2022;07:30:00;23,4;70,0
09/08/2022;07:45:00;23,3;70,1
09/08/2022;08:00:00;23,3;70,2
09/08/2022;08:15:00;23,3;70,3
09/08/2022;08:30:00;23,3;70,5
09/08/2022;08:45:00;23,3;70,5
09/08/2022;09:00:00;23,3;70,6
09/08/2022;09:15:00;23,4;70,5
09/08/2022;09:30:00;23,5;70,4
09/08/2022;09:45:00;23,6;70,2
09/08/2022;10:00:00;23,6;70,0
09/08/2022;10:15:00;23,7;70,1
09/08/2022;10:30:00;23,8;69,7
09/08/2022;10:45:00;23,9;69,8
09/08/2022;11:00:00;24,1;69,6
09/08/2022;11:15:00;24,3;69,5
09/08/2022;11:30:00;24,4;69,4
09/08/2022;11:45:00;24,4;69,8
09/08/2022;12:00:00;24,5;69,2
09/08/2022;12:15:00;24,7;69,2
09/08/2022;12:30:00;24,8;68,9
09/08/2022;12:45:00;25,0;68,5
09/08/2022;13:00:00;25,0;68,3
09/08/2022;13:15:00;25,2;68,1
09/08/2022;13:30:00;25,5;67,1
09/08/2022;13:45:00;25,3;67,3
09/08/2022;14:00:00;25,4;67,3
09/08/2022;14:15:00;25,5;66,8
09/08/2022;14:30:00;25,7;66,5
09/08/2022;14:45:00;25,7;66,6
09/08/2022;15:00:00;25,8;66,2
09/08/2022;15:15:00;26,1;65,5
09/08/2022;15:30:00;25,9;66,0
09/08/2022;15:45:00;26,1;65,5
09/08/2022;16:00:00;26,1;65,7
09/08/2022;16:15:00;26,1;65,6
09/08/2022;16:30:00;26,1;65,7
09/08/2022;16:45:00;26,2;65,9
09/08/2022;17:00:00;26,2;66,0
09/08/2022;17:15:00;26,1;66,4
09/08/2022;17:30:00;26,2;66,5
09/08/2022;17:45:00;26,2;66,8
09/08/2022;18:00:00;26,1;67,0
09/08/2022;18:15:00;26,0;67,3
09/08/2022;18:30:00;25,8;67,8
09/08/2022;18:45:00;25,7;68,7
09/08/2022;19:00:00;25,7;69,1
09/08/2022;19:15:00;25,6;69,7
09/08/2022;19:30:00;25,6;70,0
09/08/2022;19:45:00;25,8;70,3
09/08/2022;20:00:00;25,9;70,2
09/08/2022;20:15:00;25,9;68,9
09/08/2022;20:30:00;25,8;68,3
09/08/2022;20:45:00;25,8;67,4
09/08/2022;21:00:00;25,8;67,6
09/08/2022;21:15:00;25,7;66,7
09/08/2022;21:30:00;25,8;65,5
09/08/2022;21:45:00;25,7;64,4
09/08/2022;22:00:00;25,6;64,5
09/08/2022;22:15:00;25,6;63,9
09/08/2022;22:30:00;25,5;65,1
09/08/2022;22:45:00;25,4;66,1
09/08/2022;23:00:00;25,4;65,6
09/08/2022;23:15:00;25,3;65,6
09/08/2022;23:30:00;25,3;64,6
09/08/2022;23:45:00;25,3;64,5
10/08/2022;00:00:00;25,2;65,1
10/08/2022;00:15:00;25,2;66,0
10/08/2022;00:30:00;25,2;67,3
10/08/2022;00:45:00;25,1;69,6
10/08/2022;01:00:00;25,1;70,8
10/08/2022;01:15:00;25,1;71,5
10/08/2022;01:30:00;25,0;71,4
10/08/2022;01:45:00;24,9;70,9
10/08/2022;02:00:00;24,9;69,5
10/08/2022;02:15:00;24,8;69,0
10/08/2022;02:30:00;24,8;68,5
10/08/2022;02:45:00;24,8;68,3
10/08/2022;03:00:00;24,8;67,9
10/08/2022;03:15:00;24,7;67,8
10/08/2022;03:30:00;24,6;67,9
10/08/2022;03:45:00;24,6;67,9
10/08/2022;04:00:00;24,5;67,9
10/08/2022;04:15:00;24,5;68,0
10/08/2022;04:30:00;24,4;67,9
10/08/2022;04:45:00;24,5;67,8
10/08/2022;05:00:00;24,4;67,8
10/08/2022;05:15:00;24,4;68,0
10/08/2022;05:30:00;24,4;67,9
10/08/2022;05:45:00;24,4;68,0
10/08/2022;06:00:00;24,4;68,1
10/08/2022;06:15:00;24,3;68,5
10/08/2022;06:30:00;24,3;68,3
10/08/2022;06:45:00;24,3;68,4
10/08/2022;07:00:00;24,3;68,4
10/08/2022;07:15:00;24,3;68,4
10/08/2022;07:30:00;24,3;68,1
10/08/2022;07:45:00;24,3;68,0
10/08/2022;08:00:00;24,3;67,8
10/08/2022;08:15:00;24,3;67,6
10/08/2022;08:30:00;24,3;67,7
10/08/2022;08:45:00;24,3;67,6
10/08/2022;09:00:00;24,3;67,7
10/08/2022;09:15:00;24,4;68,3
10/08/2022;09:30:00;24,5;67,6
10/08/2022;09:45:00;24,5;67,5
10/08/2022;10:00:00;24,6;67,7
10/08/2022;10:15:00;24,7;67,6
10/08/2022;10:30:00;24,9;66,7
10/08/2022;10:45:00;25,0;66,3
10/08/2022;11:00:00;25,1;66,3
10/08/2022;11:15:00;25,2;66,4
10/08/2022;11:30:00;25,4;65,7
10/08/2022;11:45:00;25,5;65,4
10/08/2022;12:00:00;25,6;64,8
10/08/2022;12:15:00;25,8;64,4
10/08/2022;12:30:00;25,9;63,9
10/08/2022;12:45:00;26,0;63,5
10/08/2022;13:00:00;26,0;63,1
10/08/2022;13:15:00;26,2;62,9
10/08/2022;13:30:00;26,3;62,4
10/08/2022;13:45:00;26,4;62,4
10/08/2022;14:00:00;26,5;61,8
10/08/2022;14:15:00;26,6;61,7
10/08/2022;14:30:00;26,7;61,5
10/08/2022;14:45:00;26,8;61,1
10/08/2022;15:00:00;26,9;60,4
10/08/2022;15:15:00;26,9;61,0
10/08/2022;15:30:00;27,0;60,1
10/08/2022;15:45:00;27,0;60,1
10/08/2022;16:00:00;27,1;60,1
10/08/2022;16:15:00;27,1;60,0
10/08/2022;16:30:00;27,1;59,7
10/08/2022;16:45:00;27,1;59,8
10/08/2022;17:00:00;27,1;59,8
10/08/2022;17:15:00;27,0;60,3
10/08/2022;17:30:00;27,0;59,6
10/08/2022;17:45:00;27,0;59,8
10/08/2022;18:00:00;26,9;59,6
10/08/2022;18:15:00;26,8;60,1
10/08/2022;18:30:00;26,8;60,4
10/08/2022;18:45:00;26,7;60,6
10/08/2022;19:00:00;26,6;61,0
10/08/2022;19:15:00;26,5;61,0
10/08/2022;19:30:00;26,5;61,2
10/08/2022;19:45:00;26,5;61,2
10/08/2022;20:00:00;26,4;61,3
10/08/2022;20:15:00;26,3;61,4
10/08/2022;20:30:00;26,3;61,5
10/08/2022;20:45:00;26,3;61,5
10/08/2022;21:00:00;26,2;61,6
10/08/2022;21:15:00;26,2;61,4
10/08/2022;21:30:00;26,1;61,2
10/08/2022;21:45:00;26,1;61,2
10/08/2022;22:00:00;26,0;61,2
10/08/2022;22:15:00;26,0;61,6
10/08/2022;22:30:00;25,9;61,8
10/08/2022;22:45:00;25,9;61,9
10/08/2022;23:00:00;25,9;62,1
10/08/2022;23:15:00;25,8;62,4
10/08/2022;23:30:00;25,8;62,8
10/08/2022;23:45:00;25,7;63,4
11/08/2022;00:00:00;25,7;64,1
11/08/2022;00:15:00;25,6;64,1
11/08/2022;00:30:00;25,6;64,3
11/08/2022;00:45:00;25,5;64,4
11/08/2022;01:00:00;25,5;64,7
11/08/2022;01:15:00;25,5;64,9
11/08/2022;01:30:00;25,3;65,4
11/08/2022;01:45:00;25,2;65,8
11/08/2022;02:00:00;25,3;65,8
11/08/2022;02:15:00;25,3;66,0
11/08/2022;02:30:00;25,2;65,9
11/08/2022;02:45:00;25,2;66,0
11/08/2022;03:00:00;25,2;66,2
11/08/2022;03:15:00;25,1;66,4
11/08/2022;03:30:00;25,0;66,6
11/08/2022;03:45:00;25,0;66,7
11/08/2022;04:00:00;24,9;66,9
11/08/2022;04:15:00;24,8;67,1
11/08/2022;04:30:00;24,8;67,2
11/08/2022;04:45:00;24,8;67,4
11/08/2022;05:00:00;24,7;67,6
11/08/2022;05:15:00;24,6;67,9
11/08/2022;05:30:00;24,5;67,9
11/08/2022;05:45:00;24,5;67,9
11/08/2022;06:00:00;24,3;68,1
11/08/2022;06:15:00;24,2;68,5
11/08/2022;06:30:00;24,2;68,5
11/08/2022;06:45:00;24,3;68,4
11/08/2022;07:00:00;24,2;68,5
11/08/2022;07:15:00;24,2;68,8
11/08/2022;07:30:00;24,1;68,7
11/08/2022;07:45:00;24,1;68,5
11/08/2022;08:00:00;24,2;68,4
11/08/2022;08:15:00;24,2;67,2
11/08/2022;08:30:00;24,1;66,2
11/08/2022;08:45:00;24,2;65,7
11/08/2022;09:00:00;24,2;65,9
11/08/2022;09:15:00;24,1;65,0
11/08/2022;09:21:31;24,2;65,1
11/08/2022;09:30:00;24,2;63,9
11/08/2022;09:45:00;24,2;63,4
11/08/2022;10:00:00;24,3;63,4
11/08/2022;10:15:00;24,4;63,2
11/08/2022;10:30:00;24,5;62,7
11/08/2022;10:45:00;24,5;62,2
11/08/2022;11:00:00;24,6;62,0
11/08/2022;11:15:00;24,7;61,2
11/08/2022;11:30:00;24,8;60,8
11/08/2022;11:45:00;24,9;60,7
11/08/2022;12:00:00;25,0;60,3
11/08/2022;12:15:00;25,0;59,8
11/08/2022;12:30:00;25,1;59,6
11/08/2022;12:45:00;25,2;59,5
11/08/2022;13:00:00;25,3;58,9
11/08/2022;13:15:00;25,4;58,3
11/08/2022;13:30:00;25,4;57,2
11/08/2022;13:45:00;25,5;56,5
11/08/2022;14:00:00;25,6;56,8
11/08/2022;14:15:00;25,7;57,0
11/08/2022;14:30:00;26,0;56,9
11/08/2022;14:45:00;26,1;57,0
11/08/2022;15:00:00;26,0;56,2
11/08/2022;15:15:00;26,1;55,7
11/08/2022;15:30:00;26,2;56,7
11/08/2022;15:45:00;26,4;55,1
11/08/2022;16:00:00;26,4;55,2
11/08/2022;16:15:00;26,2;56,0
11/08/2022;16:30:00;26,0;57,0
11/08/2022;16:45:00;25,9;57,0
11/08/2022;17:00:00;25,9;57,7
11/08/2022;17:15:00;25,9;58,0
11/08/2022;17:30:00;25,8;58,4
11/08/2022;17:45:00;25,6;59,1
11/08/2022;18:00:00;25,5;59,4
11/08/2022;18:15:00;25,4;60,1
11/08/2022;18:30:00;25,3;60,4
11/08/2022;18:45:00;25,2;60,9
11/08/2022;19:00:00;25,2;61,2
11/08/2022;19:15:00;25,1;61,3
11/08/2022;19:30:00;25,1;61,5
11/08/2022;19:45:00;25,0;61,3
11/08/2022;20:00:00;25,0;61,9
11/08/2022;20:15:00;24,9;62,1
11/08/2022;20:30:00;24,9;62,4
11/08/2022;20:45:00;24,9;62,7
11/08/2022;21:00:00;24,8;62,7
11/08/2022;21:15:00;24,7;62,9
11/08/2022;21:30:00;24,7;63,2
11/08/2022;21:45:00;24,6;63,6
11/08/2022;22:00:00;24,6;63,7
11/08/2022;22:15:00;24,5;64,0
11/08/2022;22:30:00;24,5;64,3
11/08/2022;22:45:00;24,4;64,6
11/08/2022;23:00:00;24,4;64,8
11/08/2022;23:15:00;24,3;65,3
11/08/2022;23:30:00;24,3;65,6
11/08/2022;23:45:00;24,2;65,8
12/08/2022;00:00:00;24,2;65,9
12/08/2022;00:15:00;24,2;65,9
12/08/2022;00:30:00;24,1;65,9
12/08/2022;00:45:00;24,1;66,3
12/08/2022;01:00:00;24,0;66,6
12/08/2022;01:15:00;24,0;67,1
12/08/2022;01:30:00;24,0;67,2
12/08/2022;01:45:00;23,9;67,3
12/08/2022;02:00:00;23,9;67,6
12/08/2022;02:15:00;23,8;67,6
12/08/2022;02:30:00;23,8;67,7
12/08/2022;02:45:00;23,7;67,8
12/08/2022;03:00:00;23,7;67,9
12/08/2022;03:15:00;23,7;68,0
12/08/2022;03:30:00;23,7;68,2
12/08/2022;03:45:00;23,6;68,2
12/08/2022;04:00:00;23,6;68,3
12/08/2022;04:15:00;23,5;68,5
12/08/2022;04:30:00;23,5;68,3
12/08/2022;04:45:00;23,5;68,1
12/08/2022;05:00:00;23,5;68,0
12/08/2022;05:15:00;23,4;68,1
12/08/2022;05:30:00;23,4;68,3
12/08/2022;05:45:00;23,4;68,6
12/08/2022;06:00:00;23,3;69,0
12/08/2022;06:15:00;23,3;69,6
12/08/2022;06:30:00;23,3;70,0
12/08/2022;06:45:00;23,3;69,9
12/08/2022;07:00:00;23,2;70,1
12/08/2022;07:15:00;23,2;70,1
12/08/2022;07:30:00;23,2;70,3
12/08/2022;07:45:00;23,1;69,9
12/08/2022;08:00:00;23,2;69,7
12/08/2022;08:15:00;23,2;69,7
12/08/2022;08:30:00;23,3;69,8
12/08/2022;08:45:00;23,3;69,8
12/08/2022;09:00:00;23,4;70,0
12/08/2022;09:15:00;23,4;69,5
12/08/2022;09:30:00;23,4;68,8
12/08/2022;09:45:00;23,5;68,1
12/08/2022;10:00:00;23,6;67,3
12/08/2022;10:15:00;23,6;66,3
12/08/2022;10:30:00;23,7;65,9
12/08/2022;10:45:00;23,8;65,7
12/08/2022;11:00:00;23,9;65,0
12/08/2022;11:15:00;23,9;64,5
12/08/2022;11:30:00;23,9;64,4
12/08/2022;11:45:00;23,9;64,0
12/08/2022;12:00:00;24,0;63,3
12/08/2022;12:15:00;24,1;63,8
12/08/2022;12:30:00;24,1;63,2
12/08/2022;12:45:00;24,2;62,9
12/08/2022;13:00:00;24,3;62,6
12/08/2022;13:15:00;24,4;62,3
12/08/2022;13:30:00;24,5;62,0
12/08/2022;13:45:00;24,5;62,5
12/08/2022;14:00:00;24,6;62,3
12/08/2022;14:15:00;24,8;61,6
12/08/2022;14:30:00;24,7;62,0
12/08/2022;14:45:00;24,9;61,5
12/08/2022;15:00:00;24,9;61,1
12/08/2022;15:15:00;24,9;60,9
12/08/2022;15:30:00;24,8;61,3
12/08/2022;15:45:00;25,0;60,2
12/08/2022;16:00:00;25,0;60,9
12/08/2022;16:15:00;25,0;60,9
12/08/2022;16:30:00;24,9;61,1
12/08/2022;16:45:00;24,8;61,7
12/08/2022;17:00:00;24,8;61,6
12/08/2022;17:15:00;24,7;60,8
12/08/2022;17:30:00;24,7;61,4
12/08/2022;17:45:00;24,6;61,5
12/08/2022;18:00:00;24,5;61,7
12/08/2022;18:15:00;24,5;61,9
12/08/2022;18:30:00;24,4;62,3
12/08/2022;18:45:00;24,4;62,7
12/08/2022;19:00:00;24,4;63,3
12/08/2022;19:15:00;24,4;63,6
12/08/2022;19:30:00;24,3;64,2
12/08/2022;19:45:00;24,3;64,5
12/08/2022;20:00:00;24,3;64,9
12/08/2022;20:15:00;24,3;65,0
12/08/2022;20:30:00;24,2;64,7
12/08/2022;20:45:00;24,2;64,9
12/08/2022;21:00:00;24,1;65,2
12/08/2022;21:15:00;24,1;65,6
12/08/2022;21:30:00;24,1;66,2
12/08/2022;21:45:00;24,1;66,6
12/08/2022;22:00:00;24,0;67,3
12/08/2022;22:15:00;24,0;67,4
12/08/2022;22:30:00;23,9;66,9
12/08/2022;22:45:00;23,9;67,2
12/08/2022;23:00:00;23,7;67,8
12/08/2022;23:15:00;23,7;68,1
12/08/2022;23:30:00;23,6;68,4
12/08/2022;23:45:00;23,7;68,4
13/08/2022;00:00:00;23,7;68,1
13/08/2022;00:15:00;23,7;67,8
13/08/2022;00:30:00;23,7;67,6
13/08/2022;00:45:00;23,6;67,7
13/08/2022;01:00:00;23,6;68,6
13/08/2022;01:15:00;23,4;69,0
13/08/2022;01:30:00;23,3;68,6
13/08/2022;01:45:00;23,2;68,4
13/08/2022;02:00:00;23,3;68,2
13/08/2022;02:15:00;23,3;67,9
13/08/2022;02:30:00;23,3;67,9
13/08/2022;02:45:00;23,3;67,9
13/08/2022;03:00:00;23,3;68,0
13/08/2022;03:15:00;23,3;68,1
13/08/2022;03:30:00;23,2;68,4
13/08/2022;03:45:00;23,2;68,9
13/08/2022;04:00:00;23,2;69,1
13/08/2022;04:15:00;23,0;69,3
13/08/2022;04:30:00;22,9;69,4
13/08/2022;04:45:00;23,0;69,1
13/08/2022;05:00:00;22,9;68,8
13/08/2022;05:15:00;23,0;68,6
13/08/2022;05:30:00;23,0;68,7
13/08/2022;05:45:00;23,0;68,5
13/08/2022;06:00:00;23,0;68,4
13/08/2022;06:15:00;23,0;68,3
13/08/2022;06:30:00;22,8;68,7
13/08/2022;06:45:00;22,7;69,0
13/08/2022;07:00:00;22,6;69,3
13/08/2022;07:15:00;22,6;69,3
13/08/2022;07:30:00;22,7;69,3
13/08/2022;07:45:00;22,6;69,7
13/08/2022;08:00:00;22,7;69,6
13/08/2022;08:15:00;22,8;69,5
13/08/2022;08:30:00;22,8;69,5
13/08/2022;08:45:00;22,8;69,6
13/08/2022;09:00:00;22,9;69,7
13/08/2022;09:15:00;22,9;69,3
13/08/2022;09:30:00;23,0;69,3
13/08/2022;09:45:00;23,1;69,4
13/08/2022;10:00:00;23,2;69,7
13/08/2022;10:15:00;23,2;69,0
13/08/2022;10:30:00;23,3;68,5
13/08/2022;10:45:00;23,4;68,3
13/08/2022;11:00:00;23,5;68,4
13/08/2022;11:15:00;23,6;67,8
13/08/2022;11:30:00;23,9;67,2
13/08/2022;11:45:00;23,9;66,3
13/08/2022;12:00:00;23,9;64,8
13/08/2022;12:15:00;24,1;64,9
13/08/2022;12:30:00;24,2;64,4
13/08/2022;12:45:00;24,3;64,7
13/08/2022;13:00:00;24,3;64,9
13/08/2022;13:15:00;24,3;64,5
13/08/2022;13:30:00;24,4;63,9
13/08/2022;13:45:00;24,5;63,2
13/08/2022;14:00:00;24,7;63,0
13/08/2022;14:15:00;24,6;62,9
13/08/2022;14:30:00;24,7;62,3
13/08/2022;14:45:00;24,8;62,2
13/08/2022;15:00:00;24,9;61,8
13/08/2022;15:15:00;25,0;61,0
13/08/2022;15:30:00;25,1;60,7
13/08/2022;15:45:00;25,1;60,6
13/08/2022;16:00:00;25,1;60,3
13/08/2022;16:15:00;25,0;60,9
13/08/2022;16:30:00;25,0;60,7
13/08/2022;16:45:00;25,0;61,0
13/08/2022;17:00:00;24,9;61,3
13/08/2022;17:15:00;24,9;61,9
13/08/2022;17:30:00;24,8;62,0
13/08/2022;17:45:00;24,9;61,5
13/08/2022;18:00:00;24,9;61,3
13/08/2022;18:15:00;24,8;61,7
13/08/2022;18:30:00;24,8;62,0
13/08/2022;18:45:00;24,8;62,2
13/08/2022;19:00:00;24,8;61,7
13/08/2022;19:15:00;24,8;61,8
13/08/2022;19:30:00;24,8;61,8
13/08/2022;19:45:00;24,7;61,8
13/08/2022;20:00:00;24,7;62,1
13/08/2022;20:15:00;24,7;62,4
13/08/2022;20:30:00;24,6;62,5
13/08/2022;20:45:00;24,6;62,7
13/08/2022;21:00:00;24,6;62,9
13/08/2022;21:15:00;24,5;62,8
13/08/2022;21:30:00;24,5;62,9
13/08/2022;21:45:00;24,5;63,1
13/08/2022;22:00:00;24,4;63,2
13/08/2022;22:15:00;24,4;63,1
13/08/2022;22:30:00;24,4;63,3
13/08/2022;22:45:00;24,3;63,4
13/08/2022;23:00:00;24,3;63,5
13/08/2022;23:15:00;24,2;63,5
13/08/2022;23:30:00;24,2;63,6
13/08/2022;23:45:00;24,1;63,5
14/08/2022;00:00:00;24,1;63,6
14/08/2022;00:15:00;24,0;63,7
14/08/2022;00:30:00;24,0;63,7
14/08/2022;00:45:00;23,9;63,8
14/08/2022;01:00:00;23,9;64,1
14/08/2022;01:15:00;23,9;64,2
14/08/2022;01:30:00;23,8;64,5
14/08/2022;01:45:00;23,8;64,8
14/08/2022;02:00:00;23,8;64,9
14/08/2022;02:15:00;23,7;65,3
14/08/2022;02:30:00;23,7;65,5
14/08/2022;02:45:00;23,6;65,8
14/08/2022;03:00:00;23,6;66,2
14/08/2022;03:15:00;23,4;67,0
14/08/2022;03:30:00;23,4;67,4
14/08/2022;03:45:00;23,3;67,6
14/08/2022;04:00:00;23,3;68,0
14/08/2022;04:15:00;23,2;68,2
14/08/2022;04:30:00;23,2;68,7
14/08/2022;04:45:00;23,2;68,7
14/08/2022;05:00:00;23,1;68,8
14/08/2022;05:15:00;23,2;68,5
14/08/2022;05:30:00;23,2;68,2
14/08/2022;05:45:00;23,2;68,2
14/08/2022;06:00:00;23,1;68,4
14/08/2022;06:15:00;23,0;68,6
14/08/2022;06:30:00;23,0;68,6
14/08/2022;06:45:00;22,9;68,6
14/08/2022;07:00:00;22,8;68,9
14/08/2022;07:15:00;22,8;69,2
14/08/2022;07:30:00;22,8;69,1
14/08/2022;07:45:00;22,8;69,2
14/08/2022;08:00:00;22,9;69,3
14/08/2022;08:15:00;23,0;69,2
14/08/2022;08:30:00;23,0;68,9
14/08/2022;08:45:00;23,1;68,8
14/08/2022;09:00:00;23,1;68,1
14/08/2022;09:15:00;23,1;67,8
14/08/2022;09:30:00;23,1;68,5
14/08/2022;09:45:00;23,2;68,4
14/08/2022;10:00:00;23,3;67,3
14/08/2022;10:15:00;23,3;67,3
14/08/2022;10:30:00;23,4;66,9
14/08/2022;10:45:00;23,5;65,9
14/08/2022;11:00:00;23,6;65,6
14/08/2022;11:15:00;23,7;65,4
14/08/2022;11:30:00;23,8;65,1
14/08/2022;11:45:00;24,1;64,3
14/08/2022;12:00:00;24,2;63,8
14/08/2022;12:15:00;24,2;64,1
14/08/2022;12:30:00;24,4;63,5
14/08/2022;12:45:00;24,5;62,8
14/08/2022;13:00:00;24,4;63,1
14/08/2022;13:15:00;24,8;61,7
14/08/2022;13:30:00;24,8;61,7
14/08/2022;13:45:00;24,8;59,8
14/08/2022;14:00:00;25,2;58,3
14/08/2022;14:15:00;25,1;58,5
14/08/2022;14:30:00;25,3;57,9
14/08/2022;14:45:00;25,4;57,6
14/08/2022;15:00:00;25,7;56,8
14/08/2022;15:15:00;25,7;57,1
14/08/2022;15:30:00;25,5;57,4
14/08/2022;15:45:00;25,8;55,3
14/08/2022;16:00:00;25,6;55,5
14/08/2022;16:15:00;25,7;54,8
14/08/2022;16:30:00;25,8;54,7
14/08/2022;16:45:00;25,9;54,8
14/08/2022;17:00:00;25,8;54,9
14/08/2022;17:15:00;25,7;55,1
14/08/2022;17:30:00;25,7;54,8
14/08/2022;17:45:00;25,6;55,5
14/08/2022;18:00:00;25,5;56,2
14/08/2022;18:15:00;25,5;56,7
14/08/2022;18:30:00;25,4;56,9
14/08/2022;18:45:00;25,4;57,1
14/08/2022;19:00:00;25,3;57,7
14/08/2022;19:15:00;25,3;58,2
14/08/2022;19:30:00;25,3;58,6
14/08/2022;19:45:00;25,2;58,9
14/08/2022;20:00:00;25,2;59,3
14/08/2022;20:15:00;25,1;59,5
14/08/2022;20:30:00;25,1;59,8
14/08/2022;20:45:00;25,0;59,9
14/08/2022;21:00:00;25,0;60,2
14/08/2022;21:15:00;24,9;60,8
14/08/2022;21:30:00;24,9;60,8
14/08/2022;21:45:00;24,8;61,4
14/08/2022;22:00:00;24,8;61,5
14/08/2022;22:15:00;24,8;61,1
14/08/2022;22:30:00;24,8;60,9
14/08/2022;22:45:00;24,8;61,0
14/08/2022;23:00:00;24,7;61,7
14/08/2022;23:15:00;24,6;62,1
14/08/2022;23:30:00;24,6;62,6
14/08/2022;23:45:00;24,6;63,2
15/08/2022;00:00:00;24,5;63,5
15/08/2022;00:15:00;24,5;64,3
15/08/2022;00:30:00;24,4;64,8
15/08/2022;00:45:00;24,4;65,1
15/08/2022;01:00:00;24,3;65,2
15/08/2022;01:15:00;24,3;65,0
15/08/2022;01:30:00;24,2;65,7
15/08/2022;01:45:00;24,1;65,8
15/08/2022;02:00:00;24,2;65,8
15/08/2022;02:15:00;24,0;66,2
15/08/2022;02:30:00;24,0;66,1
15/08/2022;02:45:00;24,0;66,1
15/08/2022;03:00:00;24,0;66,0
15/08/2022;03:15:00;24,0;66,1
15/08/2022;03:30:00;23,9;67,1
15/08/2022;03:45:00;23,9;67,1
15/08/2022;04:00:00;23,9;66,5
15/08/2022;04:15:00;23,8;66,7
15/08/2022;04:30:00;23,8;67,0
15/08/2022;04:45:00;23,8;67,2
15/08/2022;05:00:00;23,8;67,4
15/08/2022;05:15:00;23,8;67,4
15/08/2022;05:30:00;23,7;67,5
15/08/2022;05:45:00;23,7;68,0
15/08/2022;06:00:00;23,5;68,5
15/08/2022;06:15:00;23,5;69,0
15/08/2022;06:30:00;23,4;69,2
15/08/2022;06:45:00;23,4;69,6
15/08/2022;07:00:00;23,3;69,9
15/08/2022;07:15:00;23,3;70,0
15/08/2022;07:30:00;23,3;70,3
15/08/2022;07:45:00;23,3;70,3
15/08/2022;08:00:00;23,3;70,4
15/08/2022;08:15:00;23,3;70,2
15/08/2022;08:30:00;23,3;70,3
15/08/2022;08:45:00;23,2;70,4
15/08/2022;09:00:00;23,3;70,3
15/08/2022;09:15:00;23,4;70,0
15/08/2022;09:30:00;23,4;70,0
15/08/2022;09:45:00;23,5;69,6
15/08/2022;10:00:00;23,5;69,6
15/08/2022;10:15:00;23,6;68,8
15/08/2022;10:30:00;23,8;68,5
15/08/2022;10:45:00;23,9;67,8
15/08/2022;11:00:00;24,0;67,1
15/08/2022;11:15:00;24,0;66,9
15/08/2022;11:30:00;24,1;66,7
15/08/2022;11:45:00;24,2;64,9
15/08/2022;12:00:00;24,5;63,1
15/08/2022;12:15:00;24,8;62,7
15/08/2022;12:30:00;24,9;61,0
15/08/2022;12:45:00;25,0;61,3
15/08/2022;13:00:00;25,1;60,6
15/08/2022;13:15:00;25,0;60,7
15/08/2022;13:30:00;25,1;60,0
15/08/2022;13:45:00;25,3;59,4
15/08/2022;14:00:00;25,4;58,5
15/08/2022;14:15:00;25,5;58,0
15/08/2022;14:30:00;25,5;58,0
15/08/2022;14:45:00;25,7;57,0
15/08/2022;15:00:00;25,8;56,5
15/08/2022;15:15:00;25,8;56,2
15/08/2022;15:30:00;25,9;56,0
15/08/2022;15:45:00;25,9;55,7
15/08/2022;16:00:00;25,9;55,8
15/08/2022;16:15:00;26,0;55,5
15/08/2022;16:30:00;26,0;55,7
15/08/2022;16:45:00;25,9;56,3
15/08/2022;17:00:00;26,1;57,0
15/08/2022;17:15:00;26,3;57,3
15/08/2022;17:30:00;26,1;58,0
15/08/2022;17:45:00;26,2;56,7
15/08/2022;18:00:00;25,9;58,0
15/08/2022;18:15:00;25,7;58,0
15/08/2022;18:30:00;25,6;57,9
15/08/2022;18:45:00;25,6;58,0
15/08/2022;19:00:00;25,5;58,3
15/08/2022;19:15:00;25,5;59,2
15/08/2022;19:30:00;25,4;59,4
15/08/2022;19:45:00;25,4;59,9
15/08/2022;20:00:00;25,3;60,4
15/08/2022;20:15:00;25,3;60,9
15/08/2022;20:30:00;25,2;61,2
15/08/2022;20:45:00;25,2;61,3
15/08/2022;21:00:00;25,2;61,6
15/08/2022;21:15:00;25,2;62,3
15/08/2022;21:30:00;25,1;64,0
15/08/2022;21:45:00;25,2;64,7
15/08/2022;22:00:00;25,2;60,8
15/08/2022;22:15:00;25,2;60,2
15/08/2022;22:30:00;25,1;60,6
15/08/2022;22:45:00;25,0;61,3
15/08/2022;23:00:00;25,0;62,2
15/08/2022;23:15:00;24,9;62,7
15/08/2022;23:30:00;24,9;63,2
15/08/2022;23:45:00;24,8;63,7
16/08/2022;00:00:00;24,8;63,9
16/08/2022;00:15:00;24,6;64,1
16/08/2022;00:30:00;24,6;64,2
16/08/2022;00:45:00;24,6;64,3
16/08/2022;01:00:00;24,5;64,4
16/08/2022;01:15:00;24,5;64,8
16/08/2022;01:30:00;24,4;65,4
16/08/2022;01:45:00;24,4;65,7
16/08/2022;02:00:00;24,4;65,7
16/08/2022;02:15:00;24,4;65,6
16/08/2022;02:30:00;24,4;65,5
16/08/2022;02:45:00;24,4;65,6
16/08/2022;03:00:00;24,3;65,9
16/08/2022;03:15:00;24,3;65,8
16/08/2022;03:30:00;24,2;66,0
16/08/2022;03:45:00;24,1;66,2
16/08/2022;04:00:00;24,2;66,0
16/08/2022;04:15:00;24,2;66,3
16/08/2022;04:30:00;24,2;66,5
16/08/2022;04:45:00;24,1;67,2
16/08/2022;05:00:00;24,1;67,1
16/08/2022;05:15:00;24,1;66,9
16/08/2022;05:30:00;24,2;66,8
16/08/2022;05:45:00;24,1;66,8
16/08/2022;06:00:00;24,1;66,9
16/08/2022;06:15:00;24,0;67,3
16/08/2022;06:30:00;24,0;67,1
16/08/2022;06:45:00;24,1;67,0
16/08/2022;07:00:00;24,0;66,7
16/08/2022;07:15:00;24,0;66,7
16/08/2022;07:30:00;23,9;66,3
16/08/2022;07:45:00;23,9;65,9
16/08/2022;08:00:00;23,9;65,9
16/08/2022;08:15:00;23,9;65,9
16/08/2022;08:30:00;23,9;66,3
16/08/2022;08:45:00;24,0;66,5
16/08/2022;09:00:00;24,0;66,5
16/08/2022;09:15:00;24,1;66,6
16/08/2022;09:30:00;24,2;66,5
16/08/2022;09:45:00;24,2;66,5
16/08/2022;10:00:00;24,3;66,3
16/08/2022;10:15:00;24,5;66,0
16/08/2022;10:30:00;24,6;65,6
16/08/2022;10:45:00;24,7;65,2
16/08/2022;11:00:00;24,9;64,9
16/08/2022;11:15:00;24,9;64,8
16/08/2022;11:30:00;25,1;64,3
16/08/2022;11:45:00;25,1;63,8
16/08/2022;12:00:00;25,3;63,4
16/08/2022;12:15:00;25,4;62,4
16/08/2022;12:30:00;25,6;61,4
16/08/2022;12:45:00;25,8;59,5
16/08/2022;13:00:00;25,9;59,0
16/08/2022;13:15:00;25,9;59,8
16/08/2022;13:30:00;26,0;59,1
16/08/2022;13:45:00;26,1;58,4
16/08/2022;14:00:00;26,0;58,6
16/08/2022;14:15:00;26,2;58,3
16/08/2022;14:30:00;26,5;57,5
16/08/2022;14:45:00;26,6;57,0
16/08/2022;15:00:00;26,6;57,1
16/08/2022;15:15:00;26,7;55,9
16/08/2022;15:30:00;26,6;56,7
16/08/2022;15:45:00;26,7;56,1
16/08/2022;16:00:00;26,6;56,4
16/08/2022;16:15:00;26,5;56,4
16/08/2022;16:30:00;26,6;55,9
16/08/2022;16:45:00;26,8;55,4
16/08/2022;17:00:00;26,7;55,3
16/08/2022;17:15:00;26,5;56,2
16/08/2022;17:30:00;26,4;57,0
16/08/2022;17:45:00;26,4;57,5
16/08/2022;18:00:00;26,4;57,5
16/08/2022;18:15:00;26,4;57,7
16/08/2022;18:30:00;26,4;58,6
16/08/2022;18:45:00;26,3;59,4
16/08/2022;19:00:00;26,3;59,3
16/08/2022;19:15:00;26,3;58,6
16/08/2022;19:30:00;26,3;58,4
16/08/2022;19:45:00;26,4;58,3
16/08/2022;20:00:00;26,4;58,1
16/08/2022;20:15:00;26,4;57,8
16/08/2022;20:30:00;26,4;58,2
16/08/2022;20:45:00;26,4;58,1
16/08/2022;21:00:00;26,4;57,4
16/08/2022;21:15:00;26,3;57,8
16/08/2022;21:30:00;26,2;58,3
16/08/2022;21:45:00;26,1;58,6
16/08/2022;22:00:00;26,1;60,3
16/08/2022;22:15:00;26,0;62,0
16/08/2022;22:30:00;26,0;62,1
16/08/2022;22:45:00;25,9;61,8
16/08/2022;23:00:00;25,9;61,6
16/08/2022;23:15:00;25,9;62,4
16/08/2022;23:30:00;25,8;62,2
16/08/2022;23:45:00;25,8;62,3
17/08/2022;00:00:00;25,7;62,5
17/08/2022;00:15:00;25,7;62,5
17/08/2022;00:30:00;25,7;62,5
17/08/2022;00:45:00;25,6;62,3
17/08/2022;01:00:00;25,6;62,3
17/08/2022;01:15:00;25,5;62,4
17/08/2022;01:30:00;25,5;62,6
17/08/2022;01:45:00;25,4;62,9
17/08/2022;02:00:00;25,4;62,9
17/08/2022;02:15:00;25,3;63,0
17/08/2022;02:30:00;25,3;62,8
17/08/2022;02:45:00;25,3;63,0
17/08/2022;03:00:00;25,2;63,1
17/08/2022;03:15:00;25,2;63,4
17/08/2022;03:30:00;25,2;63,5
17/08/2022;03:45:00;25,1;63,8
17/08/2022;04:00:00;25,1;64,0
17/08/2022;04:15:00;25,1;64,5
17/08/2022;04:30:00;25,0;64,6
17/08/2022;04:45:00;25,0;64,8
17/08/2022;05:00:00;24,9;64,9
17/08/2022;05:15:00;24,9;65,2
17/08/2022;05:30:00;24,9;65,3
17/08/2022;05:45:00;24,9;65,4
17/08/2022;06:00:00;24,9;65,5
17/08/2022;06:15:00;24,8;65,8
17/08/2022;06:30:00;24,8;66,1
17/08/2022;06:45:00;24,7;66,4
17/08/2022;07:00:00;24,7;66,4
17/08/2022;07:15:00;24,6;66,4
17/08/2022;07:30:00;24,6;66,2
17/08/2022;07:45:00;24,7;66,2
17/08/2022;08:00:00;24,6;66,3
17/08/2022;08:15:00;24,6;66,7
17/08/2022;08:30:00;24,6;66,6
17/08/2022;08:45:00;24,7;66,4
17/08/2022;09:00:00;24,7;66,2
17/08/2022;09:15:00;24,7;66,2
17/08/2022;09:30:00;24,8;66,1
17/08/2022;09:45:00;24,9;65,9
17/08/2022;10:00:00;25,0;66,2
17/08/2022;10:15:00;25,1;66,2
17/08/2022;10:30:00;25,2;66,3
17/08/2022;10:45:00;25,3;66,1
17/08/2022;11:00:00;25,4;66,1
17/08/2022;11:15:00;25,5;65,6
17/08/2022;11:30:00;25,6;64,9
17/08/2022;11:45:00;25,7;64,4
17/08/2022;12:00:00;25,9;64,1
17/08/2022;12:15:00;26,0;63,7
17/08/2022;12:30:00;26,1;62,7
17/08/2022;12:45:00;26,3;62,3
17/08/2022;13:00:00;26,3;61,8
17/08/2022;13:15:00;26,4;61,9
17/08/2022;13:30:00;26,9;59,8
17/08/2022;13:45:00;26,8;59,9
17/08/2022;14:00:00;26,9;60,4
17/08/2022;14:15:00;26,9;60,2
17/08/2022;14:30:00;27,0;59,5
17/08/2022;14:45:00;26,9;59,5
17/08/2022;15:00:00;27,0;59,4
17/08/2022;15:15:00;27,2;58,6
17/08/2022;15:30:00;27,2;58,9
17/08/2022;15:45:00;27,4;58,3
17/08/2022;16:00:00;27,3;58,5
17/08/2022;16:15:00;27,1;59,0
17/08/2022;16:30:00;27,0;60,6
17/08/2022;16:45:00;27,0;59,7
17/08/2022;17:00:00;27,1;59,0
17/08/2022;17:15:00;27,1;59,3
17/08/2022;17:30:00;27,2;58,9
17/08/2022;17:45:00;27,2;61,3
17/08/2022;18:00:00;27,1;61,3
17/08/2022;18:15:00;27,0;61,4
17/08/2022;18:30:00;27,0;61,5
17/08/2022;18:45:00;26,8;62,1
17/08/2022;19:00:00;26,8;62,2
17/08/2022;19:15:00;26,7;62,4
17/08/2022;19:30:00;26,8;61,8
17/08/2022;19:45:00;27,0;61,1
17/08/2022;20:00:00;27,0;60,5
17/08/2022;20:15:00;26,9;60,8
17/08/2022;20:30:00;26,9;60,8
17/08/2022;20:45:00;26,8;60,9
17/08/2022;21:00:00;26,7;61,3
17/08/2022;21:15:00;26,7;61,6
17/08/2022;21:30:00;26,7;61,3
17/08/2022;21:45:00;26,7;60,6
17/08/2022;22:00:00;26,7;60,8
17/08/2022;22:15:00;26,6;61,0
17/08/2022;22:30:00;26,5;61,5
17/08/2022;22:45:00;26,5;61,4
17/08/2022;23:00:00;26,4;61,7
17/08/2022;23:15:00;26,4;61,9
17/08/2022;23:30:00;26,3;62,0
17/08/2022;23:45:00;26,3;62,3
18/08/2022;00:00:00;26,3;62,6
18/08/2022;00:15:00;26,2;63,0
18/08/2022;00:30:00;26,2;63,5
18/08/2022;00:45:00;26,1;64,0
18/08/2022;01:00:00;26,1;64,9
18/08/2022;01:15:00;26,1;65,0
18/08/2022;01:30:00;26,0;65,1
18/08/2022;01:45:00;26,0;65,1
18/08/2022;02:00:00;25,9;65,1
18/08/2022;02:15:00;25,9;65,1
18/08/2022;02:30:00;25,8;65,2
18/08/2022;02:45:00;25,8;64,8
18/08/2022;03:00:00;25,7;64,9
18/08/2022;03:15:00;25,7;64,7
18/08/2022;03:30:00;25,6;64,6
18/08/2022;03:45:00;25,6;64,5
18/08/2022;04:00:00;25,6;64,6
18/08/2022;04:15:00;25,6;64,5
18/08/2022;04:30:00;25,6;64,5
18/08/2022;04:45:00;25,6;64,7
18/08/2022;05:00:00;25,6;64,8
18/08/2022;05:15:00;25,6;64,9
18/08/2022;05:30:00;25,6;65,1
18/08/2022;05:45:00;25,5;65,2
18/08/2022;06:00:00;25,6;65,4
18/08/2022;06:15:00;25,5;65,6
18/08/2022;06:30:00;25,5;65,6
18/08/2022;06:45:00;25,4;65,5
18/08/2022;07:00:00;25,4;66,0
18/08/2022;07:15:00;25,4;66,0
18/08/2022;07:30:00;25,3;66,0
18/08/2022;07:45:00;25,3;66,2
18/08/2022;08:00:00;25,3;66,7
18/08/2022;08:15:00;25,3;65,7
18/08/2022;08:30:00;25,3;65,8
18/08/2022;08:45:00;25,3;66,3
18/08/2022;09:00:00;25,3;65,1
18/08/2022;09:15:00;25,3;65,1
18/08/2022;09:30:00;25,3;64,8
18/08/2022;09:45:00;25,4;64,5
18/08/2022;10:00:00;25,5;63,7
18/08/2022;10:15:00;25,7;63,3
18/08/2022;10:30:00;25,8;62,2
18/08/2022;10:45:00;25,9;61,2
18/08/2022;11:00:00;25,9;60,8
18/08/2022;11:15:00;26,1;60,9
18/08/2022;11:30:00;26,2;60,3
18/08/2022;11:45:00;26,3;60,7
18/08/2022;12:00:00;26,5;59,8
18/08/2022;12:15:00;26,6;59,4
18/08/2022;12:30:00;26,6;59,8
18/08/2022;12:45:00;26,7;59,5
18/08/2022;13:00:00;27,1;58,5
18/08/2022;13:15:00;27,0;59,1
18/08/2022;13:30:00;27,0;59,0
18/08/2022;13:45:00;27,1;58,7
18/08/2022;14:00:00;27,2;58,5
18/08/2022;14:15:00;27,3;58,0
18/08/2022;14:30:00;27,5;58,1
18/08/2022;14:45:00;27,5;57,7
18/08/2022;15:00:00;27,7;57,4
18/08/2022;15:15:00;27,8;57,4
18/08/2022;15:30:00;27,8;57,6
18/08/2022;15:45:00;27,9;57,5
18/08/2022;16:00:00;27,9;57,2
18/08/2022;16:15:00;27,9;57,4
18/08/2022;16:30:00;27,8;57,9
18/08/2022;16:45:00;27,8;57,8
18/08/2022;17:00:00;27,8;58,0
18/08/2022;17:15:00;27,8;57,6
18/08/2022;17:30:00;27,8;57,8
18/08/2022;17:45:00;27,8;57,8
18/08/2022;18:00:00;27,7;58,3
18/08/2022;18:15:00;27,5;59,3
18/08/2022;18:30:00;27,5;60,6
18/08/2022;18:45:00;27,4;60,8
18/08/2022;19:00:00;27,4;59,3
18/08/2022;19:15:00;27,3;58,9
18/08/2022;19:30:00;27,3;59,1
18/08/2022;19:45:00;27,2;59,1
18/08/2022;20:00:00;27,2;59,1
18/08/2022;20:15:00;27,1;59,1
18/08/2022;20:30:00;27,1;59,2
18/08/2022;20:45:00;27,0;59,3
18/08/2022;21:00:00;26,9;59,4
18/08/2022;21:15:00;26,9;59,5
18/08/2022;21:30:00;26,9;59,9
18/08/2022;21:45:00;26,8;59,9
18/08/2022;22:00:00;26,7;60,4
18/08/2022;22:15:00;26,7;60,7
18/08/2022;22:30:00;26,6;61,2
18/08/2022;22:45:00;26,6;61,3
18/08/2022;23:00:00;26,5;61,4
18/08/2022;23:15:00;26,5;61,5
18/08/2022;23:30:00;26,4;61,6
18/08/2022;23:45:00;26,4;61,6
19/08/2022;00:00:00;26,3;61,8
19/08/2022;00:15:00;26,2;62,0
19/08/2022;00:30:00;26,1;62,1
19/08/2022;00:45:00;26,1;62,2
19/08/2022;01:00:00;26,0;62,3
19/08/2022;01:15:00;26,0;62,4
19/08/2022;01:30:00;26,0;62,3
19/08/2022;01:45:00;26,0;62,3
19/08/2022;02:00:00;26,0;62,2
19/08/2022;02:15:00;26,0;62,3
19/08/2022;02:30:00;26,0;62,4
19/08/2022;02:45:00;25,9;62,6
19/08/2022;03:00:00;25,9;63,0
19/08/2022;03:15:00;25,8;63,3
19/08/2022;03:30:00;25,8;63,3
19/08/2022;03:45:00;25,8;63,3
19/08/2022;04:00:00;25,8;63,2
19/08/2022;04:15:00;25,8;63,4
19/08/2022;04:30:00;25,8;63,3
19/08/2022;04:45:00;25,7;63,4
19/08/2022;05:00:00;25,7;63,6
19/08/2022;05:15:00;25,7;64,0
19/08/2022;05:30:00;25,7;64,4
19/08/2022;05:45:00;25,5;64,7
19/08/2022;06:00:00;25,6;64,6
19/08/2022;06:15:00;25,6;64,7
19/08/2022;06:30:00;25,5;64,8
19/08/2022;06:45:00;25,4;65,1
19/08/2022;07:00:00;25,4;65,1
19/08/2022;07:15:00;25,3;65,5
19/08/2022;07:30:00;25,4;65,7
19/08/2022;07:45:00;25,3;65,9
19/08/2022;08:00:00;25,3;66,2
19/08/2022;08:15:00;25,3;66,4
19/08/2022;08:30:00;25,2;66,2
19/08/2022;08:45:00;25,3;66,4
19/08/2022;09:00:00;25,3;66,0
19/08/2022;09:15:00;25,3;66,0
19/08/2022;09:30:00;25,4;64,6
19/08/2022;09:45:00;25,4;64,7
19/08/2022;10:00:00;25,5;63,5
19/08/2022;10:15:00;25,6;63,3
19/08/2022;10:30:00;25,7;62,5
19/08/2022;10:45:00;25,8;61,7
19/08/2022;11:00:00;25,9;61,3
19/08/2022;11:15:00;26,0;61,3
19/08/2022;11:30:00;26,1;61,0
19/08/2022;11:45:00;26,2;60,4
19/08/2022;12:00:00;26,3;60,5
19/08/2022;12:15:00;26,4;59,9
19/08/2022;12:30:00;26,5;59,8
19/08/2022;12:45:00;26,6;60,3
19/08/2022;13:00:00;26,8;59,1
19/08/2022;13:15:00;26,7;58,7
19/08/2022;13:30:00;26,8;58,5
19/08/2022;13:45:00;26,9;58,6
19/08/2022;14:00:00;27,1;57,6
19/08/2022;14:15:00;27,1;57,6
19/08/2022;14:30:00;27,2;57,1
19/08/2022;14:45:00;27,3;56,8
19/08/2022;15:00:00;27,4;56,3
19/08/2022;15:15:00;27,4;56,4
19/08/2022;15:30:00;27,4;56,3
19/08/2022;15:45:00;27,4;56,1
19/08/2022;16:00:00;27,5;56,6
19/08/2022;16:15:00;27,5;56,6
19/08/2022;16:30:00;27,5;56,9
19/08/2022;16:45:00;27,4;56,3
19/08/2022;17:00:00;27,3;57,0
19/08/2022;17:15:00;27,2;57,0
19/08/2022;17:30:00;27,2;56,6
19/08/2022;17:45:00;27,1;57,3
19/08/2022;18:00:00;27,0;57,4
19/08/2022;18:15:00;27,0;57,7
19/08/2022;18:30:00;26,9;57,8
19/08/2022;18:45:00;26,8;58,1
19/08/2022;19:00:00;26,7;58,1
19/08/2022;19:15:00;26,6;58,5
19/08/2022;19:30:00;26,5;58,8
19/08/2022;19:45:00;26,3;59,4
19/08/2022;20:00:00;26,2;59,8
19/08/2022;20:15:00;26,1;60,0
19/08/2022;20:30:00;26,1;60,5
19/08/2022;20:45:00;25,9;60,8
19/08/2022;21:00:00;25,9;60,9
19/08/2022;21:15:00;25,7;61,2
19/08/2022;21:30:00;25,7;61,3
19/08/2022;21:45:00;25,6;61,6
19/08/2022;22:00:00;25,5;61,8
19/08/2022;22:15:00;25,5;62,1
19/08/2022;22:30:00;25,5;62,2
19/08/2022;22:45:00;25,4;62,7
19/08/2022;23:00:00;25,4;62,7
19/08/2022;23:15:00;25,4;62,7
19/08/2022;23:30:00;25,4;62,8
19/08/2022;23:45:00;25,4;63,0
20/08/2022;00:00:00;25,3;63,2
20/08/2022;00:15:00;25,3;63,3
20/08/2022;00:30:00;25,2;63,4
20/08/2022;00:45:00;25,2;63,2
20/08/2022;01:00:00;25,2;63,6
20/08/2022;01:15:00;25,2;63,8
20/08/2022;01:30:00;25,2;63,9
20/08/2022;01:45:00;25,1;64,0
20/08/2022;02:00:00;25,1;64,0
20/08/2022;02:15:00;25,1;64,0
20/08/2022;02:30:00;25,1;64,1
20/08/2022;02:45:00;24,9;64,6
20/08/2022;03:00:00;24,9;65,0
20/08/2022;03:15:00;24,9;65,2
20/08/2022;03:30:00;24,8;65,6
20/08/2022;03:45:00;24,8;66,1
20/08/2022;04:00:00;24,7;66,4
20/08/2022;04:15:00;24,8;66,3
20/08/2022;04:30:00;24,8;66,2
20/08/2022;04:45:00;24,8;66,1
20/08/2022;05:00:00;24,7;66,2
20/08/2022;05:15:00;24,7;66,4
20/08/2022;05:30:00;24,6;66,4
20/08/2022;05:45:00;24,6;66,5
20/08/2022;06:00:00;24,5;66,8
20/08/2022;06:15:00;24,5;66,8
20/08/2022;06:30:00;24,5;66,9
20/08/2022;06:45:00;24,5;67,1
20/08/2022;07:00:00;24,4;67,3
20/08/2022;07:15:00;24,4;67,4
20/08/2022;07:30:00;24,4;67,5
20/08/2022;07:45:00;24,4;67,5
20/08/2022;08:00:00;24,4;67,5
20/08/2022;08:15:00;24,4;67,3
20/08/2022;08:30:00;24,3;66,9
20/08/2022;08:45:00;24,3;66,9
20/08/2022;09:00:00;24,4;66,4
20/08/2022;09:15:00;24,5;66,1
20/08/2022;09:30:00;24,6;65,1
20/08/2022;09:45:00;24,7;65,4
20/08/2022;10:00:00;24,7;65,3
20/08/2022;10:15:00;24,8;65,0
20/08/2022;10:30:00;24,8;64,7
20/08/2022;10:45:00;24,8;64,6
20/08/2022;11:00:00;25,0;64,3
20/08/2022;11:15:00;25,0;64,2
20/08/2022;11:30:00;25,2;63,5
20/08/2022;11:45:00;25,3;63,0
20/08/2022;12:00:00;25,5;62,6
20/08/2022;12:15:00;25,5;62,2
20/08/2022;12:30:00;25,6;61,9
20/08/2022;12:45:00;25,8;61,3
20/08/2022;13:00:00;25,8;61,0
20/08/2022;13:15:00;25,8;61,5
20/08/2022;13:30:00;25,9;61,1
20/08/2022;13:45:00;25,9;61,2
20/08/2022;14:00:00;26,0;60,9
20/08/2022;14:15:00;26,2;60,3
20/08/2022;14:30:00;26,1;60,5
20/08/2022;14:45:00;26,2;60,0
20/08/2022;15:00:00;26,3;60,0
20/08/2022;15:15:00;26,6;59,0
20/08/2022;15:30:00;26,7;59,0
20/08/2022;15:45:00;26,8;58,9
20/08/2022;16:00:00;26,7;59,3
20/08/2022;16:15:00;26,7;58,9
20/08/2022;16:30:00;26,6;59,9
20/08/2022;16:45:00;26,5;60,3
20/08/2022;17:00:00;26,6;60,1
20/08/2022;17:15:00;26,4;60,8
20/08/2022;17:30:00;26,4;60,9
20/08/2022;17:45:00;26,3;61,2
20/08/2022;18:00:00;26,2;61,4
20/08/2022;18:15:00;26,3;61,9
20/08/2022;18:30:00;26,2;61,7
20/08/2022;18:45:00;26,2;61,7
20/08/2022;19:00:00;26,1;62,2
20/08/2022;19:15:00;26,1;63,3
20/08/2022;19:30:00;26,1;63,6
20/08/2022;19:45:00;26,1;63,9
20/08/2022;20:00:00;26,1;64,1
20/08/2022;20:15:00;26,0;64,4
20/08/2022;20:30:00;26,0;64,8
20/08/2022;20:45:00;26,0;65,1
20/08/2022;21:00:00;26,0;66,0
20/08/2022;21:15:00;26,0;65,8
20/08/2022;21:30:00;25,9;66,1
20/08/2022;21:45:00;25,9;66,3
20/08/2022;22:00:00;25,9;66,2
20/08/2022;22:15:00;26,0;66,9
20/08/2022;22:30:00;26,0;66,1
20/08/2022;22:45:00;25,9;66,3
20/08/2022;23:00:00;25,9;65,2
20/08/2022;23:15:00;25,8;64,8
20/08/2022;23:30:00;25,8;64,5
20/08/2022;23:45:00;25,7;64,0
21/08/2022;00:00:00;25,6;64,0
21/08/2022;00:15:00;25,6;63,4
21/08/2022;00:30:00;25,5;63,1
21/08/2022;00:45:00;25,5;63,2
21/08/2022;01:00:00;25,4;63,2
21/08/2022;01:15:00;25,3;63,6
21/08/2022;01:30:00;25,3;63,7
21/08/2022;01:45:00;25,3;63,7
21/08/2022;02:00:00;25,2;64,0
21/08/2022;02:15:00;25,2;64,2
21/08/2022;02:30:00;25,3;64,0
21/08/2022;02:45:00;25,2;63,0
21/08/2022;03:00:00;25,0;64,3
21/08/2022;03:15:00;25,0;64,6
21/08/2022;03:30:00;25,0;63,9
21/08/2022;03:45:00;25,0;63,5
21/08/2022;04:00:00;25,0;63,6
21/08/2022;04:15:00;25,0;63,4
21/08/2022;04:30:00;25,0;63,6
21/08/2022;04:45:00;25,1;63,7
21/08/2022;05:00:00;24,9;63,9
21/08/2022;05:15:00;25,0;63,8
21/08/2022;05:30:00;25,0;63,7
21/08/2022;05:45:00;25,0;63,9
21/08/2022;06:00:00;25,0;63,9
21/08/2022;06:15:00;24,9;64,1
21/08/2022;06:30:00;24,9;64,5
21/08/2022;06:45:00;24,8;65,0
21/08/2022;07:00:00;24,8;65,3
21/08/2022;07:15:00;24,8;65,2
21/08/2022;07:30:00;24,9;65,4
21/08/2022;07:45:00;24,9;65,3
21/08/2022;08:00:00;24,9;65,4
21/08/2022;08:15:00;24,9;65,5
21/08/2022;08:30:00;24,9;65,3
21/08/2022;08:45:00;24,9;65,7
21/08/2022;09:00:00;25,0;65,7
21/08/2022;09:15:00;25,0;65,4
21/08/2022;09:30:00;25,0;65,5
21/08/2022;09:45:00;25,2;65,3
21/08/2022;10:00:00;25,3;65,9
21/08/2022;10:15:00;25,4;65,0
21/08/2022;10:30:00;25,4;64,3
21/08/2022;10:45:00;25,5;64,0
21/08/2022;11:00:00;25,6;63,8
21/08/2022;11:15:00;25,8;63,6
21/08/2022;11:30:00;25,9;63,8
21/08/2022;11:45:00;26,0;63,8
21/08/2022;12:00:00;26,1;63,4
21/08/2022;12:15:00;26,2;63,3
21/08/2022;12:30:00;26,4;62,8
21/08/2022;12:45:00;26,6;63,1
21/08/2022;13:00:00;26,7;62,5
21/08/2022;13:15:00;26,7;62,6
21/08/2022;13:30:00;27,0;61,8
21/08/2022;13:45:00;27,4;60,9
21/08/2022;14:00:00;27,3;61,5
21/08/2022;14:15:00;27,3;61,8
21/08/2022;14:30:00;27,5;61,1
21/08/2022;14:45:00;27,5;61,7
21/08/2022;15:00:00;27,6;61,2
21/08/2022;15:15:00;27,8;60,9
21/08/2022;15:30:00;27,9;60,6
21/08/2022;15:45:00;28,0;60,0
21/08/2022;16:00:00;27,8;60,9
21/08/2022;16:15:00;27,8;60,9
21/08/2022;16:30:00;27,9;60,7
21/08/2022;16:45:00;27,8;61,3
21/08/2022;17:00:00;27,7;61,8
21/08/2022;17:15:00;27,7;61,9
21/08/2022;17:30:00;27,9;61,4
21/08/2022;17:45:00;28,2;60,4
21/08/2022;18:00:00;28,2;60,3
21/08/2022;18:15:00;28,2;60,4
21/08/2022;18:30:00;28,1;60,6
21/08/2022;18:45:00;28,0;61,1
21/08/2022;19:00:00;28,0;60,9
21/08/2022;19:15:00;27,9;60,6
21/08/2022;19:30:00;27,8;60,8
21/08/2022;19:45:00;27,8;60,7
21/08/2022;20:00:00;27,7;60,7
21/08/2022;20:15:00;27,6;61,0
21/08/2022;20:30:00;27,6;61,3
21/08/2022;20:45:00;27,5;61,7
21/08/2022;21:00:00;27,4;62,5
21/08/2022;21:15:00;27,5;63,0
21/08/2022;21:30:00;27,3;63,3
21/08/2022;21:45:00;27,2;64,3
21/08/2022;22:00:00;27,0;67,4
21/08/2022;22:15:00;26,9;67,5
21/08/2022;22:30:00;26,8;68,0
21/08/2022;22:45:00;26,8;66,1
21/08/2022;23:00:00;26,9;66,9
21/08/2022;23:15:00;26,7;67,0
21/08/2022;23:30:00;26,5;65,5
21/08/2022;23:45:00;26,4;66,1
22/08/2022;00:00:00;26,4;66,0
22/08/2022;00:15:00;26,3;66,9
22/08/2022;00:30:00;26,5;66,4
22/08/2022;00:45:00;26,5;66,2
22/08/2022;01:00:00;26,5;67,6
22/08/2022;01:15:00;26,5;67,6
22/08/2022;01:30:00;26,5;67,8
22/08/2022;01:45:00;26,3;68,7
22/08/2022;02:00:00;26,3;69,6
22/08/2022;02:15:00;26,3;67,4
22/08/2022;02:30:00;26,2;65,9
22/08/2022;02:45:00;26,2;65,9
22/08/2022;03:00:00;26,2;66,0
22/08/2022;03:15:00;26,2;65,8
22/08/2022;03:30:00;26,2;66,0
22/08/2022;03:45:00;26,2;65,8
22/08/2022;04:00:00;26,2;66,5
22/08/2022;04:15:00;26,2;66,8
22/08/2022;04:30:00;26,2;66,9
22/08/2022;04:45:00;26,2;66,9
22/08/2022;05:00:00;26,2;66,8
22/08/2022;05:15:00;26,2;66,9
22/08/2022;05:30:00;26,1;67,3
22/08/2022;05:45:00;26,0;67,3
22/08/2022;06:00:00;26,0;67,6
22/08/2022;06:15:00;26,0;67,5
22/08/2022;06:30:00;26,0;67,4
22/08/2022;06:45:00;25,9;67,6
22/08/2022;07:00:00;26,0;67,3
22/08/2022;07:15:00;26,0;67,5
22/08/2022;07:30:00;25,9;67,3
22/08/2022;07:45:00;26,0;67,4
22/08/2022;08:00:00;26,0;68,2
22/08/2022;08:15:00;25,9;68,3
22/08/2022;08:30:00;26,0;68,2
22/08/2022;08:45:00;26,1;68,5
22/08/2022;09:00:00;26,1;68,0
22/08/2022;09:15:00;26,1;67,5
22/08/2022;09:30:00;26,2;66,9
22/08/2022;09:45:00;26,2;66,7
22/08/2022;10:00:00;26,3;65,2
22/08/2022;10:15:00;26,2;63,9
22/08/2022;10:30:00;26,2;63,7
22/08/2022;10:45:00;26,2;64,5
22/08/2022;11:00:00;26,3;64,3
22/08/2022;11:15:00;26,3;64,9
22/08/2022;11:30:00;26,4;64,4
22/08/2022;11:45:00;26,5;63,9
22/08/2022;12:00:00;26,5;63,8
22/08/2022;12:15:00;26,7;63,3
22/08/2022;12:30:00;26,8;64,2
22/08/2022;12:45:00;26,8;64,1
22/08/2022;13:00:00;26,9;63,9
22/08/2022;13:15:00;27,0;63,3
22/08/2022;13:30:00;27,1;62,5
22/08/2022;13:45:00;27,2;60,9
22/08/2022;14:00:00;27,2;61,4
22/08/2022;14:15:00;27,4;60,6
22/08/2022;14:30:00;27,4;60,6
22/08/2022;14:45:00;27,4;60,2
22/08/2022;15:00:00;27,5;59,7
22/08/2022;15:15:00;27,5;58,4
22/08/2022;15:30:00;27,5;58,3
22/08/2022;15:45:00;27,5;58,1
22/08/2022;16:00:00;27,5;58,4
22/08/2022;16:15:00;27,5;58,1
22/08/2022;16:30:00;27,5;58,0
22/08/2022;16:45:00;27,4;58,1
22/08/2022;17:00:00;27,4;58,8
22/08/2022;17:15:00;27,3;59,0
22/08/2022;17:30:00;27,2;59,1
22/08/2022;17:45:00;27,2;59,2
22/08/2022;18:00:00;27,2;59,4
22/08/2022;18:15:00;27,1;59,3
22/08/2022;18:30:00;27,1;59,4
22/08/2022;18:45:00;27,0;59,5
22/08/2022;19:00:00;27,0;59,8
22/08/2022;19:15:00;27,0;60,1
22/08/2022;19:30:00;26,9;60,5
22/08/2022;19:45:00;26,9;60,9
22/08/2022;20:00:00;26,8;60,9
22/08/2022;20:15:00;26,8;61,0
22/08/2022;20:30:00;26,7;61,2
22/08/2022;20:45:00;26,6;61,4
22/08/2022;21:00:00;26,6;61,7
22/08/2022;21:15:00;26,5;61,9
22/08/2022;21:30:00;26,5;62,1
22/08/2022;21:45:00;26,4;62,3
22/08/2022;22:00:00;26,3;62,5
22/08/2022;22:15:00;26,3;62,7
22/08/2022;22:30:00;26,2;62,9
22/08/2022;22:45:00;26,2;63,2
22/08/2022;23:00:00;26,2;63,3
22/08/2022;23:15:00;26,1;63,5
22/08/2022;23:30:00;26,1;63,6
22/08/2022;23:45:00;26,1;63,7
23/08/2022;00:00:00;26,1;63,6
23/08/2022;00:15:00;26,0;63,7
23/08/2022;00:30:00;26,0;63,8
23/08/2022;00:45:00;26,0;63,9
23/08/2022;01:00:00;26,0;64,0
23/08/2022;01:15:00;25,9;64,1
23/08/2022;01:30:00;25,9;64,3
23/08/2022;01:45:00;25,8;64,5
23/08/2022;02:00:00;25,8;64,6
23/08/2022;02:15:00;25,8;64,7
23/08/2022;02:30:00;25,8;64,7
23/08/2022;02:45:00;25,8;64,7
23/08/2022;03:00:00;25,7;64,7
23/08/2022;03:15:00;25,7;65,0
23/08/2022;03:30:00;25,6;65,1
23/08/2022;03:45:00;25,5;65,5
23/08/2022;04:00:00;25,4;65,6
23/08/2022;04:15:00;25,4;65,4
23/08/2022;04:30:00;25,4;65,3
23/08/2022;04:45:00;25,3;65,9
23/08/2022;05:00:00;25,3;65,9
23/08/2022;05:15:00;25,3;66,0
23/08/2022;05:30:00;25,3;65,9
23/08/2022;05:45:00;25,3;65,7
23/08/2022;06:00:00;25,2;65,8
23/08/2022;06:15:00;25,2;65,7
23/08/2022;06:30:00;25,2;65,6
23/08/2022;06:45:00;25,1;65,6
23/08/2022;07:00:00;25,1;65,7
23/08/2022;07:15:00;25,1;65,8
23/08/2022;07:30:00;25,1;65,9
23/08/2022;07:45:00;25,1;65,6
23/08/2022;08:00:00;25,1;65,5
23/08/2022;08:15:00;25,0;65,9
23/08/2022;08:30:00;25,1;65,5
23/08/2022;08:45:00;25,1;65,7
23/08/2022;09:00:00;25,1;65,8
23/08/2022;09:15:00;25,1;64,6
23/08/2022;09:30:00;25,1;65,0
23/08/2022;09:45:00;25,3;64,5
23/08/2022;10:00:00;25,4;64,6
23/08/2022;10:15:00;25,4;64,0
23/08/2022;10:30:00;25,5;63,7
23/08/2022;10:45:00;25,6;63,4
23/08/2022;11:00:00;25,7;63,1
23/08/2022;11:15:00;25,9;62,5
23/08/2022;11:30:00;26,0;61,4
23/08/2022;11:45:00;26,2;61,3
23/08/2022;12:00:00;26,3;61,2
23/08/2022;12:15:00;26,4;60,6
23/08/2022;12:30:00;26,6;59,8
23/08/2022;12:45:00;26,6;59,8
23/08/2022;13:00:00;26,7;58,7
23/08/2022;13:15:00;26,8;58,3
23/08/2022;13:30:00;27,0;57,5
23/08/2022;13:45:00;27,2;57,4
23/08/2022;14:00:00;27,4;56,3
23/08/2022;14:15:00;27,5;55,6
23/08/2022;14:30:00;27,5;55,5
23/08/2022;14:45:00;27,5;55,5
23/08/2022;15:00:00;27,8;54,4
23/08/2022;15:15:00;27,9;53,9
23/08/2022;15:30:00;27,9;54,0
23/08/2022;15:45:00;28,0;53,7
23/08/2022;16:00:00;28,2;53,1
23/08/2022;16:15:00;28,1;53,3
23/08/2022;16:30:00;28,1;53,1
23/08/2022;16:45:00;27,9;53,7
23/08/2022;17:00:00;27,8;54,1
23/08/2022;17:15:00;27,7;54,4
23/08/2022;17:30:00;27,8;54,6
23/08/2022;17:45:00;27,6;55,1
23/08/2022;18:00:00;27,6;55,5
23/08/2022;18:15:00;27,5;56,0
23/08/2022;18:30:00;27,4;56,6
23/08/2022;18:45:00;27,3;57,2
23/08/2022;19:00:00;27,3;57,8
23/08/2022;19:15:00;27,2;58,8
23/08/2022;19:30:00;27,3;59,3
23/08/2022;19:45:00;27,4;57,7
23/08/2022;20:00:00;27,4;57,6
23/08/2022;20:15:00;27,4;57,2
23/08/2022;20:30:00;27,4;57,1
23/08/2022;20:45:00;27,3;56,6
23/08/2022;21:00:00;27,3;56,5
23/08/2022;21:15:00;27,2;56,5
23/08/2022;21:30:00;27,2;56,5
23/08/2022;21:45:00;27,2;56,4
23/08/2022;22:00:00;27,2;56,2
23/08/2022;22:15:00;27,1;57,0
23/08/2022;22:30:00;27,1;57,8
23/08/2022;22:45:00;27,0;58,6
23/08/2022;23:00:00;27,0;59,3
23/08/2022;23:15:00;26,9;59,4
23/08/2022;23:30:00;26,9;60,1
23/08/2022;23:45:00;26,9;60,9
24/08/2022;00:00:00;26,9;61,0
24/08/2022;00:15:00;26,8;60,4
24/08/2022;00:30:00;26,8;59,2
24/08/2022;00:45:00;26,8;59,1
24/08/2022;01:00:00;26,7;59,0
24/08/2022;01:15:00;26,7;59,0
24/08/2022;01:30:00;26,6;59,2
24/08/2022;01:45:00;26,6;59,2
24/08/2022;02:00:00;26,5;59,4
24/08/2022;02:15:00;26,5;59,9
24/08/2022;02:30:00;26,4;60,5
24/08/2022;02:45:00;26,3;60,7
24/08/2022;03:00:00;26,3;60,6
24/08/2022;03:15:00;26,2;60,7
24/08/2022;03:30:00;26,2;60,8
24/08/2022;03:45:00;26,1;61,0
24/08/2022;04:00:00;26,1;61,2
24/08/2022;04:15:00;26,0;61,4
24/08/2022;04:30:00;26,0;61,5
24/08/2022;04:45:00;25,9;61,6
24/08/2022;05:00:00;25,8;62,0
24/08/2022;05:15:00;25,8;62,0
24/08/2022;05:30:00;25,8;62,1
24/08/2022;05:45:00;25,7;62,2
24/08/2022;06:00:00;25,8;62,2
24/08/2022;06:15:00;25,8;62,3
24/08/2022;06:30:00;25,7;62,7
24/08/2022;06:45:00;25,7;62,5
24/08/2022;07:00:00;25,7;62,8
24/08/2022;07:15:00;25,7;62,9
24/08/2022;07:30:00;25,6;62,8
24/08/2022;07:45:00;25,7;62,5
24/08/2022;08:00:00;25,7;62,2
24/08/2022;08:15:00;25,7;62,1
24/08/2022;08:30:00;25,7;61,7
24/08/2022;08:45:00;25,7;61,3
24/08/2022;09:00:00;25,7;60,9
24/08/2022;09:15:00;25,7;60,2
24/08/2022;09:30:00;25,8;60,3
24/08/2022;09:45:00;25,9;60,2
24/08/2022;10:00:00;25,9;59,9
24/08/2022;10:15:00;26,0;59,8
24/08/2022;10:30:00;26,1;59,7
24/08/2022;10:45:00;26,3;59,2
24/08/2022;11:00:00;26,5;58,6
24/08/2022;11:15:00;26,5;58,1
24/08/2022;11:30:00;26,7;57,6
24/08/2022;11:45:00;26,7;57,4
24/08/2022;12:00:00;26,9;57,2
24/08/2022;12:15:00;27,1;56,7
24/08/2022;12:30:00;27,2;56,2
24/08/2022;12:45:00;27,3;56,3
24/08/2022;13:00:00;27,4;55,9
24/08/2022;13:15:00;27,7;55,4
24/08/2022;13:30:00;27,7;55,4
24/08/2022;13:45:00;27,7;55,0
24/08/2022;14:00:00;28,0;54,2
24/08/2022;14:15:00;28,0;54,2
24/08/2022;14:30:00;28,3;52,8
24/08/2022;14:45:00;28,5;52,7
24/08/2022;15:00:00;28,2;53,3
24/08/2022;15:15:00;28,1;53,4
24/08/2022;15:30:00;28,2;53,1
24/08/2022;15:45:00;28,1;53,5
24/08/2022;16:00:00;28,3;52,9
24/08/2022;16:15:00;28,4;52,5
24/08/2022;16:30:00;28,3;53,1
24/08/2022;16:45:00;28,2;53,3
24/08/2022;17:00:00;28,1;53,8
24/08/2022;17:15:00;28,3;53,6
24/08/2022;17:30:00;28,3;53,4
24/08/2022;17:45:00;28,3;53,2
24/08/2022;18:00:00;28,3;53,6
24/08/2022;18:15:00;28,2;54,0
24/08/2022;18:30:00;28,2;54,4
24/08/2022;18:45:00;28,2;55,4
24/08/2022;19:00:00;28,1;55,8
24/08/2022;19:15:00;27,9;56,1
24/08/2022;19:30:00;27,9;56,3
24/08/2022;19:45:00;27,8;56,3
24/08/2022;20:00:00;27,7;56,6
24/08/2022;20:15:00;27,6;56,5
24/08/2022;20:30:00;27,6;56,7
24/08/2022;20:45:00;27,5;56,8
24/08/2022;21:00:00;27,5;57,3
24/08/2022;21:15:00;27,4;57,8
24/08/2022;21:30:00;27,3;58,0
24/08/2022;21:45:00;27,2;58,3
24/08/2022;22:00:00;27,1;58,9
24/08/2022;22:15:00;26,9;58,8
24/08/2022;22:30:00;26,8;59,0
24/08/2022;22:45:00;26,7;59,3
24/08/2022;23:00:00;26,6;59,7
24/08/2022;23:15:00;26,5;60,0
24/08/2022;23:30:00;26,5;60,4
24/08/2022;23:45:00;26,5;60,7
25/08/2022;00:00:00;26,4;60,8
25/08/2022;00:15:00;26,4;60,9
25/08/2022;00:30:00;26,4;60,9
25/08/2022;00:45:00;26,3;61,0
25/08/2022;01:00:00;26,2;61,3
25/08/2022;01:15:00;26,2;61,3
25/08/2022;01:30:00;26,2;61,4
25/08/2022;01:45:00;26,1;61,4
25/08/2022;02:00:00;26,1;61,7
25/08/2022;02:15:00;26,0;61,9
25/08/2022;02:30:00;26,0;62,1
25/08/2022;02:45:00;25,9;62,4
25/08/2022;03:00:00;25,8;62,5
25/08/2022;03:15:00;25,9;62,2
25/08/2022;03:30:00;25,9;62,5
25/08/2022;03:45:00;25,9;62,5
25/08/2022;04:00:00;25,8;62,7
25/08/2022;04:15:00;25,8;62,9
25/08/2022;04:30:00;25,8;63,1
25/08/2022;04:45:00;25,8;63,3
25/08/2022;05:00:00;25,8;63,3
25/08/2022;05:15:00;25,8;63,3
25/08/2022;05:30:00;25,8;63,3
25/08/2022;05:45:00;25,8;63,5
25/08/2022;06:00:00;25,6;64,0
25/08/2022;06:15:00;25,6;64,3
25/08/2022;06:30:00;25,5;64,7
25/08/2022;06:45:00;25,5;65,2
25/08/2022;07:00:00;25,4;65,4
25/08/2022;07:15:00;25,4;65,5
25/08/2022;07:30:00;25,3;65,2
25/08/2022;07:45:00;25,2;65,5
25/08/2022;08:00:00;25,2;65,6
25/08/2022;08:15:00;25,2;65,6
25/08/2022;08:30:00;25,2;65,4
25/08/2022;08:45:00;25,2;65,5
25/08/2022;09:00:00;25,4;65,3
25/08/2022;09:15:00;25,4;64,9
25/08/2022;09:30:00;25,4;64,8
25/08/2022;09:45:00;25,4;65,1
25/08/2022;09:45:50;25,5;65,0
25/08/2022;10:00:00;25,5;64,2
25/08/2022;10:15:00;25,5;64,1
25/08/2022;10:30:00;25,6;63,3
25/08/2022;10:45:00;25,7;63,3
25/08/2022;11:00:00;25,8;63,0
25/08/2022;11:15:00;25,9;62,7
25/08/2022;11:30:00;25,9;62,4
25/08/2022;11:45:00;26,1;62,7
25/08/2022;12:00:00;26,2;62,6
25/08/2022;12:15:00;26,2;62,4
25/08/2022;12:30:00;26,2;62,5
25/08/2022;12:45:00;26,2;61,5
25/08/2022;13:00:00;26,2;61,6
25/08/2022;13:15:00;26,3;61,6
25/08/2022;13:30:00;26,4;61,8
25/08/2022;13:45:00;26,5;61,5
25/08/2022;14:00:00;26,5;61,4
25/08/2022;14:15:00;26,5;61,1
25/08/2022;14:30:00;26,5;61,4
25/08/2022;14:45:00;26,5;61,2
25/08/2022;15:00:00;26,5;60,2
25/08/2022;15:15:00;26,5;60,3
25/08/2022;15:30:00;26,6;59,7
25/08/2022;15:45:00;26,6;59,5
25/08/2022;16:00:00;26,6;59,9
25/08/2022;16:15:00;26,6;60,3
25/08/2022;16:30:00;26,6;60,5
25/08/2022;16:45:00;26,6;60,7
25/08/2022;17:00:00;26,6;60,9
25/08/2022;17:15:00;26,5;61,1
25/08/2022;17:30:00;26,5;61,3
25/08/2022;17:45:00;26,4;61,5
25/08/2022;18:00:00;26,3;61,7
25/08/2022;18:15:00;26,2;61,8
25/08/2022;18:30:00;26,1;62,1
25/08/2022;18:45:00;26,0;62,2
25/08/2022;19:00:00;25,9;62,0
25/08/2022;19:15:00;25,8;62,4
25/08/2022;19:30:00;25,8;62,6
25/08/2022;19:45:00;25,7;62,8
25/08/2022;20:00:00;25,6;63,1
25/08/2022;20:15:00;25,6;63,2
25/08/2022;20:30:00;25,5;63,7
25/08/2022;20:45:00;25,5;63,6
25/08/2022;21:00:00;25,5;63,7
25/08/2022;21:15:00;25,5;63,6
25/08/2022;21:30:00;25,6;63,4
25/08/2022;21:45:00;25,6;63,4
25/08/2022;22:00:00;25,6;63,5
25/08/2022;22:15:00;25,5;63,8
25/08/2022;22:30:00;25,5;64,1
25/08/2022;22:45:00;25,4;64,4
25/08/2022;23:00:00;25,4;64,7
25/08/2022;23:15:00;25,4;64,8
25/08/2022;23:30:00;25,4;65,0
25/08/2022;23:45:00;25,4;65,2
26/08/2022;00:00:00;25,3;65,0
26/08/2022;00:15:00;25,4;65,2
26/08/2022;00:30:00;25,3;65,5
26/08/2022;00:45:00;25,2;65,9
26/08/2022;01:00:00;25,2;65,5
26/08/2022;01:15:00;25,3;65,5
26/08/2022;01:30:00;25,2;65,5
26/08/2022;01:45:00;25,1;65,9
26/08/2022;02:00:00;25,1;66,4
26/08/2022;02:15:00;25,0;66,6
26/08/2022;02:30:00;25,1;66,3
26/08/2022;02:45:00;25,0;66,1
26/08/2022;03:00:00;25,0;65,9
26/08/2022;03:15:00;25,0;66,1
26/08/2022;03:30:00;24,9;66,5
26/08/2022;03:45:00;24,9;66,7
26/08/2022;04:00:00;24,9;66,8
26/08/2022;04:15:00;24,8;67,3
26/08/2022;04:30:00;24,7;67,4
26/08/2022;04:45:00;24,7;67,4
26/08/2022;05:00:00;24,7;67,4
26/08/2022;05:15:00;24,6;67,8
26/08/2022;05:30:00;24,6;68,1
26/08/2022;05:45:00;24,6;68,4
26/08/2022;06:00:00;24,6;68,4
26/08/2022;06:15:00;24,7;68,4
26/08/2022;06:30:00;24,7;68,4
26/08/2022;06:45:00;24,7;68,6
26/08/2022;07:00:00;24,6;68,9
26/08/2022;07:15:00;24,6;69,3
26/08/2022;07:30:00;24,5;69,9
26/08/2022;07:45:00;24,5;70,2
26/08/2022;08:00:00;24,5;70,4
26/08/2022;08:15:00;24,5;70,6
26/08/2022;08:30:00;24,5;70,6
26/08/2022;08:45:00;24,7;70,4
26/08/2022;09:00:00;24,7;70,4
26/08/2022;09:15:00;24,7;70,4
26/08/2022;09:30:00;24,7;70,6
26/08/2022;09:45:00;24,7;70,9
26/08/2022;10:00:00;24,8;70,7
26/08/2022;10:15:00;24,8;70,3
26/08/2022;10:30:00;24,8;70,2
26/08/2022;10:45:00;24,9;70,0
26/08/2022;11:00:00;24,9;70,2
26/08/2022;11:15:00;24,8;69,9
26/08/2022;11:30:00;24,8;69,2
26/08/2022;11:45:00;24,9;69,2
26/08/2022;12:00:00;24,9;69,1
26/08/2022;12:15:00;24,9;68,9
26/08/2022;12:30:00;25,0;68,4
26/08/2022;12:45:00;25,0;68,2
26/08/2022;13:00:00;25,1;68,3
26/08/2022;13:15:00;25,1;67,9
26/08/2022;13:30:00;25,1;67,6
26/08/2022;13:45:00;25,2;67,2
26/08/2022;14:00:00;25,3;66,4
26/08/2022;14:15:00;25,4;65,8
26/08/2022;14:30:00;25,4;65,7
26/08/2022;14:45:00;25,5;65,3
26/08/2022;14:46:30;25,5;64,9
26/08/2022;15:00:00;25,6;65,0
26/08/2022;15:15:00;25,6;64,6
26/08/2022;15:30:00;25,7;64,2
26/08/2022;15:45:00;25,7;63,6
26/08/2022;16:00:00;25,7;63,2
26/08/2022;16:15:00;25,7;63,3
26/08/2022;16:30:00;25,8;62,8
26/08/2022;16:45:00;25,8;62,9
26/08/2022;17:00:00;25,8;62,4
26/08/2022;17:15:00;25,8;62,1
26/08/2022;17:30:00;25,8;62,2
26/08/2022;17:45:00;25,7;62,3
26/08/2022;18:00:00;25,7;62,2
26/08/2022;18:15:00;25,6;62,1
26/08/2022;18:30:00;25,6;62,4
26/08/2022;18:45:00;25,6;62,6
26/08/2022;19:00:00;25,5;62,7
26/08/2022;19:15:00;25,5;62,9
26/08/2022;19:30:00;25,5;63,3
26/08/2022;19:45:00;25,5;63,6
26/08/2022;20:00:00;25,4;63,9
26/08/2022;20:15:00;25,4;64,2
26/08/2022;20:30:00;25,4;64,2
26/08/2022;20:45:00;25,4;64,4
26/08/2022;21:00:00;25,4;64,5
26/08/2022;21:15:00;25,3;64,7
26/08/2022;21:30:00;25,3;64,9
26/08/2022;21:45:00;25,3;65,1
26/08/2022;22:00:00;25,2;65,3
26/08/2022;22:15:00;25,2;65,5
26/08/2022;22:30:00;25,2;65,3
26/08/2022;22:45:00;25,3;65,4
26/08/2022;23:00:00;25,3;65,4
26/08/2022;23:15:00;25,2;65,4
26/08/2022;23:30:00;25,2;65,5
26/08/2022;23:45:00;25,2;65,7
27/08/2022;00:00:00;25,2;65,7
27/08/2022;00:15:00;25,2;65,9
27/08/2022;00:30:00;25,2;65,9
27/08/2022;00:45:00;25,2;66,0
27/08/2022;01:00:00;25,2;66,1
27/08/2022;01:15:00;25,1;66,4
27/08/2022;01:30:00;25,1;66,6
27/08/2022;01:45:00;25,1;66,9
27/08/2022;02:00:00;25,1;67,4
27/08/2022;02:15:00;25,1;67,7
27/08/2022;02:30:00;25,1;67,9
27/08/2022;02:45:00;25,1;68,0
27/08/2022;03:00:00;25,1;68,0
27/08/2022;03:15:00;25,0;68,1
27/08/2022;03:30:00;25,0;68,2
27/08/2022;03:45:00;24,9;68,5
27/08/2022;04:00:00;24,9;68,7
27/08/2022;04:15:00;24,9;69,0
27/08/2022;04:30:00;24,9;69,2
27/08/2022;04:45:00;24,8;69,5
27/08/2022;05:00:00;24,8;69,6
27/08/2022;05:15:00;24,8;70,0
27/08/2022;05:30:00;24,8;70,2
27/08/2022;05:45:00;24,8;70,3
27/08/2022;06:00:00;24,7;70,5
27/08/2022;06:15:00;24,6;71,1
27/08/2022;06:30:00;24,6;71,6
27/08/2022;06:45:00;24,6;71,7
27/08/2022;07:00:00;24,5;71,9
27/08/2022;07:15:00;24,6;71,8
27/08/2022;07:30:00;24,6;71,9
27/08/2022;07:45:00;24,6;71,7
27/08/2022;08:00:00;24,6;71,2
27/08/2022;08:15:00;24,6;70,9
27/08/2022;08:30:00;24,7;69,2
27/08/2022;08:45:00;24,7;68,9
27/08/2022;09:00:00;24,7;68,2
27/08/2022;09:15:00;24,7;66,9
27/08/2022;09:30:00;24,8;65,8
27/08/2022;09:45:00;24,8;66,0
27/08/2022;10:00:00;24,9;65,7
27/08/2022;10:15:00;25,0;65,0
27/08/2022;10:30:00;25,0;65,2
27/08/2022;10:31:23;25,1;65,0
27/08/2022;10:45:00;25,1;64,7
27/08/2022;11:00:00;25,3;64,3
27/08/2022;11:15:00;25,5;63,7
27/08/2022;11:30:00;25,5;63,9
27/08/2022;11:45:00;25,5;63,5
27/08/2022;12:00:00;25,6;63,5
27/08/2022;12:15:00;25,7;63,3
27/08/2022;12:30:00;25,8;62,6
27/08/2022;12:45:00;25,8;62,3
27/08/2022;13:00:00;25,9;61,9
27/08/2022;13:15:00;26,0;61,7
27/08/2022;13:30:00;26,0;60,9
27/08/2022;13:45:00;26,2;60,7
27/08/2022;14:00:00;26,3;59,8
27/08/2022;14:15:00;26,3;59,5
27/08/2022;14:30:00;26,4;59,6
27/08/2022;14:45:00;26,3;59,9
27/08/2022;15:00:00;26,5;59,7
27/08/2022;15:15:00;26,4;59,9
27/08/2022;15:30:00;26,4;59,7
27/08/2022;15:45:00;26,5;59,5
27/08/2022;16:00:00;26,5;58,9
27/08/2022;16:15:00;26,5;58,4
27/08/2022;16:30:00;26,5;58,8
27/08/2022;16:45:00;26,5;58,6
27/08/2022;17:00:00;26,5;58,5
27/08/2022;17:15:00;26,5;58,6
27/08/2022;17:30:00;26,5;58,6
27/08/2022;17:45:00;26,5;58,9
27/08/2022;18:00:00;26,4;59,2
27/08/2022;18:15:00;26,3;59,4
27/08/2022;18:30:00;26,3;59,5
27/08/2022;18:45:00;26,2;59,4
27/08/2022;19:00:00;26,2;59,2
27/08/2022;19:15:00;26,1;59,5
27/08/2022;19:30:00;26,1;59,6
27/08/2022;19:45:00;26,0;59,7
27/08/2022;20:00:00;26,0;59,9
27/08/2022;20:15:00;25,9;60,2
27/08/2022;20:30:00;25,9;60,4
27/08/2022;20:45:00;25,8;60,5
27/08/2022;21:00:00;25,8;60,5
27/08/2022;21:15:00;25,7;60,5
27/08/2022;21:30:00;25,7;60,6
27/08/2022;21:45:00;25,7;60,9
27/08/2022;22:00:00;25,7;60,9
27/08/2022;22:15:00;25,7;61,0
27/08/2022;22:30:00;25,6;61,4
27/08/2022;22:45:00;25,6;61,5
27/08/2022;23:00:00;25,5;61,8
27/08/2022;23:15:00;25,5;61,8
27/08/2022;23:30:00;25,5;61,7
27/08/2022;23:45:00;25,5;61,8
28/08/2022;00:00:00;25,5;61,8
28/08/2022;00:15:00;25,4;62,0
28/08/2022;00:30:00;25,5;62,0
28/08/2022;00:45:00;25,4;62,1
28/08/2022;01:00:00;25,4;62,4
28/08/2022;01:15:00;25,4;62,5
28/08/2022;01:30:00;25,4;62,6
28/08/2022;01:45:00;25,4;62,9
28/08/2022;02:00:00;25,4;62,9
28/08/2022;02:15:00;25,4;62,8
28/08/2022;02:30:00;25,3;63,3
28/08/2022;02:45:00;25,2;63,6
28/08/2022;03:00:00;25,2;64,5
28/08/2022;03:15:00;25,3;64,2
28/08/2022;03:30:00;25,3;64,4
28/08/2022;03:45:00;25,2;65,2
28/08/2022;04:00:00;25,3;65,4
28/08/2022;04:15:00;25,2;65,8
28/08/2022;04:30:00;25,1;65,7
28/08/2022;04:45:00;25,1;65,7
28/08/2022;05:00:00;24,9;66,3
28/08/2022;05:15:00;24,9;66,4
28/08/2022;05:30:00;25,0;66,2
28/08/2022;05:45:00;25,0;66,8
28/08/2022;06:00:00;24,9;67,3
28/08/2022;06:15:00;24,9;67,6
28/08/2022;06:30:00;24,8;67,7
28/08/2022;06:45:00;24,8;67,8
28/08/2022;07:00:00;24,7;68,2
28/08/2022;07:15:00;24,7;67,9
28/08/2022;07:30:00;24,7;67,6
28/08/2022;07:45:00;24,8;67,5
28/08/2022;08:00:00;24,8;67,3
28/08/2022;08:15:00;24,9;67,3
28/08/2022;08:30:00;24,9;67,6
28/08/2022;08:45:00;24,9;67,6
28/08/2022;09:00:00;24,9;67,6
28/08/2022;09:15:00;25,0;67,5
28/08/2022;09:30:00;25,1;67,2
28/08/2022;09:45:00;25,2;67,2
28/08/2022;10:00:00;25,2;67,1
28/08/2022;10:15:00;25,3;66,6
28/08/2022;10:30:00;25,4;66,6
28/08/2022;10:45:00;25,5;66,3
28/08/2022;11:00:00;25,7;66,1
28/08/2022;11:15:00;25,8;65,1
28/08/2022;11:30:00;25,9;63,9
28/08/2022;11:45:00;26,0;63,1
28/08/2022;12:00:00;26,2;62,6
28/08/2022;12:15:00;26,4;61,2
28/08/2022;12:30:00;26,6;60,2
28/08/2022;12:45:00;26,7;59,1
28/08/2022;13:00:00;26,8;58,6
28/08/2022;13:15:00;27,0;57,6
28/08/2022;13:30:00;27,1;57,0
28/08/2022;13:45:00;27,1;56,5
28/08/2022;14:00:00;27,2;56,2
28/08/2022;14:15:00;27,2;56,0
28/08/2022;14:30:00;27,3;55,7
28/08/2022;14:45:00;27,3;55,4
28/08/2022;15:00:00;27,3;55,4
28/08/2022;15:15:00;27,5;54,7
28/08/2022;15:30:00;27,6;54,4
28/08/2022;15:45:00;27,7;54,2
28/08/2022;16:00:00;27,5;54,7
28/08/2022;16:15:00;27,6;54,2
28/08/2022;16:30:00;27,7;53,9
28/08/2022;16:45:00;27,6;53,7
28/08/2022;17:00:00;27,6;53,2
28/08/2022;17:15:00;27,7;53,0
28/08/2022;17:30:00;27,6;53,0
28/08/2022;17:45:00;27,5;53,6
28/08/2022;18:00:00;27,4;54,3
28/08/2022;18:15:00;27,4;54,7
28/08/2022;18:30:00;27,5;54,3
28/08/2022;18:45:00;27,4;55,5
28/08/2022;19:00:00;27,4;55,9
28/08/2022;19:15:00;27,6;55,4
28/08/2022;19:30:00;27,7;56,0
28/08/2022;19:45:00;27,7;56,4
28/08/2022;20:00:00;27,7;56,0
28/08/2022;20:15:00;27,7;55,0
28/08/2022;20:30:00;27,7;54,4
28/08/2022;20:45:00;27,7;53,9
28/08/2022;21:00:00;27,6;53,7
28/08/2022;21:15:00;27,6;53,5
28/08/2022;21:30:00;27,6;53,5
28/08/2022;21:45:00;27,5;54,0
28/08/2022;22:00:00;27,4;54,8
28/08/2022;22:15:00;27,3;55,3
28/08/2022;22:30:00;27,2;55,8
28/08/2022;22:45:00;27,1;56,5
28/08/2022;23:00:00;27,0;57,0
28/08/2022;23:15:00;26,9;57,5
28/08/2022;23:30:00;26,8;57,8
28/08/2022;23:45:00;26,7;57,9
29/08/2022;00:00:00;26,6;58,1
29/08/2022;00:15:00;26,5;58,8
29/08/2022;00:30:00;26,4;59,2
29/08/2022;00:45:00;26,4;59,5
29/08/2022;01:00:00;26,3;60,0
29/08/2022;01:15:00;26,3;60,1
29/08/2022;01:30:00;26,2;60,5
29/08/2022;01:45:00;26,1;60,8
29/08/2022;02:00:00;26,1;61,3
29/08/2022;02:15:00;26,1;61,5
29/08/2022;02:30:00;26,0;61,5
29/08/2022;02:45:00;26,0;61,6
29/08/2022;03:00:00;26,0;61,8
29/08/2022;03:15:00;25,9;62,2
29/08/2022;03:30:00;25,9;62,3
29/08/2022;03:45:00;25,9;62,4
29/08/2022;04:00:00;25,9;62,5
29/08/2022;04:15:00;25,8;63,1
29/08/2022;04:30:00;25,8;63,0
29/08/2022;04:45:00;25,8;63,3
29/08/2022;05:00:00;25,7;63,5
29/08/2022;05:15:00;25,6;63,8
29/08/2022;05:30:00;25,6;64,2
29/08/2022;05:45:00;25,6;63,9
29/08/2022;06:00:00;25,6;64,3
29/08/2022;06:15:00;25,5;64,3
29/08/2022;06:30:00;25,5;64,6
29/08/2022;06:45:00;25,6;64,5
29/08/2022;07:00:00;25,4;65,2
29/08/2022;07:15:00;25,3;65,4
29/08/2022;07:30:00;25,3;65,5
29/08/2022;07:45:00;25,3;64,9
29/08/2022;07:45:37;25,3;65,4
29/08/2022;08:00:00;25,3;65,3
29/08/2022;08:15:00;25,2;65,3
29/08/2022;08:30:00;25,3;65,0
29/08/2022;08:45:00;25,3;65,0
29/08/2022;09:00:00;25,5;64,6
29/08/2022;09:15:00;25,5;64,3
29/08/2022;09:30:00;25,7;64,2
29/08/2022;09:45:00;25,8;64,2
29/08/2022;10:00:00;25,8;64,4
29/08/2022;10:15:00;25,8;63,8
29/08/2022;10:30:00;25,9;63,7
29/08/2022;10:45:00;26,0;63,6
29/08/2022;11:00:00;26,1;63,3
29/08/2022;11:15:00;26,1;63,0
29/08/2022;11:30:00;26,2;62,2
29/08/2022;11:45:00;26,3;62,3
29/08/2022;12:00:00;26,3;62,0
29/08/2022;12:15:00;26,5;61,8
29/08/2022;12:30:00;26,6;61,5
29/08/2022;12:45:00;26,6;61,7
29/08/2022;13:00:00;26,8;61,5
29/08/2022;13:15:00;27,0;60,7
29/08/2022;13:30:00;27,1;60,7
29/08/2022;13:45:00;27,3;59,4
29/08/2022;14:00:00;27,3;60,1
29/08/2022;14:15:00;27,3;60,0
29/08/2022;14:30:00;27,4;59,8
29/08/2022;14:45:00;27,3;60,1
29/08/2022;15:00:00;27,4;60,1
29/08/2022;15:15:00;27,5;60,1
29/08/2022;15:30:00;27,4;60,1
29/08/2022;15:45:00;27,5;60,2
29/08/2022;16:00:00;27,4;60,3
29/08/2022;16:15:00;27,4;60,5
29/08/2022;16:30:00;27,4;60,2
29/08/2022;16:45:00;27,4;60,4
29/08/2022;17:00:00;27,3;60,4
29/08/2022;17:15:00;27,3;60,7
29/08/2022;17:30:00;27,3;60,6
29/08/2022;17:45:00;27,3;61,0
29/08/2022;18:00:00;27,2;61,1
29/08/2022;18:15:00;27,2;61,3
29/08/2022;18:30:00;27,2;61,4
29/08/2022;18:45:00;27,2;61,8
29/08/2022;19:00:00;27,1;62,3
29/08/2022;19:15:00;27,1;62,6
29/08/2022;19:30:00;27,1;62,9
29/08/2022;19:45:00;27,1;63,3
29/08/2022;20:00:00;27,2;63,6
29/08/2022;20:15:00;27,1;63,7
29/08/2022;20:30:00;27,1;63,5
29/08/2022;20:45:00;27,1;63,1
29/08/2022;21:00:00;27,2;62,5
29/08/2022;21:15:00;27,2;62,5
29/08/2022;21:30:00;27,2;62,3
29/08/2022;21:45:00;27,1;62,4
29/08/2022;22:00:00;27,1;62,5
29/08/2022;22:15:00;27,1;62,4
29/08/2022;22:30:00;27,0;62,5
29/08/2022;22:45:00;27,0;62,6
29/08/2022;23:00:00;27,0;62,8
29/08/2022;23:15:00;27,0;63,2
29/08/2022;23:30:00;27,0;63,8
29/08/2022;23:45:00;26,9;64,0
30/08/2022;00:00:00;26,9;64,0
30/08/2022;00:15:00;26,9;64,2
30/08/2022;00:30:00;26,8;64,2
30/08/2022;00:45:00;26,8;64,2
30/08/2022;01:00:00;26,8;64,2
30/08/2022;01:15:00;26,7;64,3
30/08/2022;01:30:00;26,7;64,5
30/08/2022;01:45:00;26,7;64,6
30/08/2022;02:00:00;26,7;64,5
30/08/2022;02:15:00;26,6;64,8
30/08/2022;02:30:00;26,6;64,7
30/08/2022;02:45:00;26,6;64,6
30/08/2022;03:00:00;26,5;64,8
30/08/2022;03:15:00;26,5;65,1
30/08/2022;03:30:00;26,4;65,3
30/08/2022;03:45:00;26,4;65,5
30/08/2022;04:00:00;26,4;65,1
30/08/2022;04:15:00;26,3;64,6
30/08/2022;04:30:00;26,3;64,4
30/08/2022;04:45:00;26,2;64,4
30/08/2022;05:00:00;26,2;64,7
30/08/2022;05:15:00;26,1;65,1
30/08/2022;05:30:00;26,1;65,2
30/08/2022;05:45:00;26,0;65,4
30/08/2022;06:00:00;26,0;65,6
30/08/2022;06:15:00;26,0;67,1
30/08/2022;06:30:00;26,0;67,0
30/08/2022;06:45:00;26,0;65,9
30/08/2022;07:00:00;25,9;65,6
30/08/2022;07:15:00;25,9;65,6
30/08/2022;07:30:00;25,9;65,2
30/08/2022;07:45:00;25,9;65,1
30/08/2022;08:00:00;25,9;65,1
30/08/2022;08:15:00;26,0;64,8
30/08/2022;08:30:00;26,0;64,8
30/08/2022;08:45:00;26,0;64,6
30/08/2022;09:00:00;26,1;64,5
30/08/2022;09:15:00;26,1;64,4
30/08/2022;09:30:00;26,2;64,2
30/08/2022;09:45:00;26,2;63,9
30/08/2022;10:00:00;26,2;63,8
30/08/2022;10:15:00;26,3;63,6
30/08/2022;10:30:00;26,4;63,5
30/08/2022;10:45:00;26,5;63,3
30/08/2022;11:00:00;26,6;63,7
30/08/2022;11:15:00;26,8;63,7
30/08/2022;11:30:00;26,9;62,9
30/08/2022;11:45:00;27,0;62,6
30/08/2022;12:00:00;27,0;62,6
30/08/2022;12:15:00;27,3;61,8
30/08/2022;12:30:00;27,4;61,1
30/08/2022;12:45:00;27,5;60,6
30/08/2022;13:00:00;27,5;60,3
30/08/2022;13:15:00;27,8;58,5
30/08/2022;13:30:00;27,9;58,1
30/08/2022;13:45:00;28,0;57,4
30/08/2022;14:00:00;28,2;56,9
30/08/2022;14:15:00;28,4;55,9
30/08/2022;14:30:00;28,5;55,4
30/08/2022;14:45:00;28,6;55,2
30/08/2022;15:00:00;28,8;54,8
30/08/2022;15:15:00;28,9;54,2
30/08/2022;15:30:00;29,2;53,2
30/08/2022;15:45:00;28,9;54,2
30/08/2022;16:00:00;28,7;55,0
30/08/2022;16:15:00;28,7;55,1
30/08/2022;16:30:00;28,7;54,9
30/08/2022;16:45:00;28,8;54,0
30/08/2022;17:00:00;28,7;54,9
30/08/2022;17:15:00;28,7;54,9
30/08/2022;17:30:00;28,6;55,3
30/08/2022;17:45:00;28,4;56,0
30/08/2022;18:00:00;28,3;56,5
30/08/2022;18:15:00;28,3;56,8
30/08/2022;18:30:00;28,2;57,4
30/08/2022;18:45:00;28,2;57,7
30/08/2022;19:00:00;28,2;57,8
30/08/2022;19:15:00;28,3;57,5
30/08/2022;19:30:00;28,2;57,6
30/08/2022;19:45:00;28,3;57,4
30/08/2022;20:00:00;28,2;57,7
30/08/2022;20:15:00;28,2;57,4
30/08/2022;20:30:00;28,3;56,7
30/08/2022;20:45:00;28,2;57,2
30/08/2022;21:00:00;28,1;57,3
30/08/2022;21:15:00;28,0;57,6
30/08/2022;21:30:00;28,0;58,1
30/08/2022;21:45:00;28,0;58,8
30/08/2022;22:00:00;27,9;58,4
30/08/2022;22:15:00;27,9;58,4
30/08/2022;22:30:00;27,9;58,4
30/08/2022;22:45:00;27,8;58,3
30/08/2022;23:00:00;27,8;58,1
30/08/2022;23:15:00;27,7;58,1
30/08/2022;23:30:00;27,7;58,5
30/08/2022;23:45:00;27,6;58,4
31/08/2022;00:00:00;27,6;58,0
